# robot_modular.obj - generado por generar_robot_modular.py
# unidades: mm
mtllib robot_modular.mtl

o CABLE_METAL_TENSADO
usemtl metal_steel
v -180.0000 0.0000 57.0000
v -180.0000 1.9284 57.7019
v -180.0000 2.9544 59.4791
v -180.0000 2.5981 61.5000
v -180.0000 1.0261 62.8191
v -180.0000 -1.0261 62.8191
v -180.0000 -2.5981 61.5000
v -180.0000 -2.9544 59.4791
v -180.0000 -1.9284 57.7019
v 180.0000 0.0000 57.0000
v 180.0000 1.9284 57.7019
v 180.0000 2.9544 59.4791
v 180.0000 2.5981 61.5000
v 180.0000 1.0261 62.8191
v 180.0000 -1.0261 62.8191
v 180.0000 -2.5981 61.5000
v 180.0000 -2.9544 59.4791
v 180.0000 -1.9284 57.7019
v -180.0000 0.0000 60.0000
v 180.0000 0.0000 60.0000
f 1 2 11 10
f 2 3 12 11
f 3 4 13 12
f 4 5 14 13
f 5 6 15 14
f 6 7 16 15
f 7 8 17 16
f 8 9 18 17
f 9 1 10 18
f 19 2 1
f 20 10 11
f 19 3 2
f 20 11 12
f 19 4 3
f 20 12 13
f 19 5 4
f 20 13 14
f 19 6 5
f 20 14 15
f 19 7 6
f 20 15 16
f 19 8 7
f 20 16 17
f 19 9 8
f 20 17 18
f 19 1 9
f 20 18 10

o POLEA_BLANCA_RUEDA_IZQ
usemtl plastic_white
v -18.0000 -12.0000 91.5000
v -21.4363 -12.0000 77.5583
v -30.9581 -12.0000 66.8105
v -44.3839 -12.0000 61.7187
v -58.6381 -12.0000 63.4495
v -70.4553 -12.0000 71.6063
v -77.1283 -12.0000 84.3205
v -77.1283 -12.0000 98.6795
v -70.4553 -12.0000 111.3937
v -58.6381 -12.0000 119.5505
v -44.3839 -12.0000 121.2813
v -30.9581 -12.0000 116.1895
v -21.4363 -12.0000 105.4417
v -18.0000 -8.0000 91.5000
v -21.4363 -8.0000 77.5583
v -30.9581 -8.0000 66.8105
v -44.3839 -8.0000 61.7187
v -58.6381 -8.0000 63.4495
v -70.4553 -8.0000 71.6063
v -77.1283 -8.0000 84.3205
v -77.1283 -8.0000 98.6795
v -70.4553 -8.0000 111.3937
v -58.6381 -8.0000 119.5505
v -44.3839 -8.0000 121.2813
v -30.9581 -8.0000 116.1895
v -21.4363 -8.0000 105.4417
v -28.0000 -12.0000 91.5000
v -30.2909 -12.0000 82.2055
v -36.6387 -12.0000 75.0403
v -45.5893 -12.0000 71.6458
v -55.0921 -12.0000 72.7997
v -62.9702 -12.0000 78.2375
v -67.4188 -12.0000 86.7137
v -67.4188 -12.0000 96.2863
v -62.9702 -12.0000 104.7625
v -55.0921 -12.0000 110.2003
v -45.5893 -12.0000 111.3542
v -36.6387 -12.0000 107.9597
v -30.2909 -12.0000 100.7945
v -28.0000 -8.0000 91.5000
v -30.2909 -8.0000 82.2055
v -36.6387 -8.0000 75.0403
v -45.5893 -8.0000 71.6458
v -55.0921 -8.0000 72.7997
v -62.9702 -8.0000 78.2375
v -67.4188 -8.0000 86.7137
v -67.4188 -8.0000 96.2863
v -62.9702 -8.0000 104.7625
v -55.0921 -8.0000 110.2003
v -45.5893 -8.0000 111.3542
v -36.6387 -8.0000 107.9597
v -30.2909 -8.0000 100.7945
v -18.0000 8.0000 91.5000
v -21.4363 8.0000 77.5583
v -30.9581 8.0000 66.8105
v -44.3839 8.0000 61.7187
v -58.6381 8.0000 63.4495
v -70.4553 8.0000 71.6063
v -77.1283 8.0000 84.3205
v -77.1283 8.0000 98.6795
v -70.4553 8.0000 111.3937
v -58.6381 8.0000 119.5505
v -44.3839 8.0000 121.2813
v -30.9581 8.0000 116.1895
v -21.4363 8.0000 105.4417
v -18.0000 12.0000 91.5000
v -21.4363 12.0000 77.5583
v -30.9581 12.0000 66.8105
v -44.3839 12.0000 61.7187
v -58.6381 12.0000 63.4495
v -70.4553 12.0000 71.6063
v -77.1283 12.0000 84.3205
v -77.1283 12.0000 98.6795
v -70.4553 12.0000 111.3937
v -58.6381 12.0000 119.5505
v -44.3839 12.0000 121.2813
v -30.9581 12.0000 116.1895
v -21.4363 12.0000 105.4417
v -28.0000 8.0000 91.5000
v -30.2909 8.0000 82.2055
v -36.6387 8.0000 75.0403
v -45.5893 8.0000 71.6458
v -55.0921 8.0000 72.7997
v -62.9702 8.0000 78.2375
v -67.4188 8.0000 86.7137
v -67.4188 8.0000 96.2863
v -62.9702 8.0000 104.7625
v -55.0921 8.0000 110.2003
v -45.5893 8.0000 111.3542
v -36.6387 8.0000 107.9597
v -30.2909 8.0000 100.7945
v -28.0000 12.0000 91.5000
v -30.2909 12.0000 82.2055
v -36.6387 12.0000 75.0403
v -45.5893 12.0000 71.6458
v -55.0921 12.0000 72.7997
v -62.9702 12.0000 78.2375
v -67.4188 12.0000 86.7137
v -67.4188 12.0000 96.2863
v -62.9702 12.0000 104.7625
v -55.0921 12.0000 110.2003
v -45.5893 12.0000 111.3542
v -36.6387 12.0000 107.9597
v -30.2909 12.0000 100.7945
v -26.0000 -8.0000 91.5000
v -28.5200 -8.0000 81.2761
v -35.5026 -8.0000 73.3944
v -45.3482 -8.0000 69.6604
v -55.8013 -8.0000 70.9296
v -64.4672 -8.0000 76.9113
v -69.3607 -8.0000 86.2351
v -69.3607 -8.0000 96.7649
v -64.4672 -8.0000 106.0887
v -55.8013 -8.0000 112.0704
v -45.3482 -8.0000 113.3396
v -35.5026 -8.0000 109.6056
v -28.5200 -8.0000 101.7239
v -26.0000 8.0000 91.5000
v -28.5200 8.0000 81.2761
v -35.5026 8.0000 73.3944
v -45.3482 8.0000 69.6604
v -55.8013 8.0000 70.9296
v -64.4672 8.0000 76.9113
v -69.3607 8.0000 86.2351
v -69.3607 8.0000 96.7649
v -64.4672 8.0000 106.0887
v -55.8013 8.0000 112.0704
v -45.3482 8.0000 113.3396
v -35.5026 8.0000 109.6056
v -28.5200 8.0000 101.7239
v -48.0000 -8.0000 91.5000
v -48.0000 8.0000 91.5000
v -30.0000 -8.2500 91.5000
v -31.8826 -8.2500 87.5908
v -36.1126 -8.2500 86.6254
v -39.5048 -8.2500 89.3306
v -39.5048 -8.2500 93.6694
v -36.1126 -8.2500 96.3746
v -31.8826 -8.2500 95.4092
v -30.0000 8.2500 91.5000
v -31.8826 8.2500 87.5908
v -36.1126 8.2500 86.6254
v -39.5048 8.2500 89.3306
v -39.5048 8.2500 93.6694
v -36.1126 8.2500 96.3746
v -31.8826 8.2500 95.4092
v -35.0000 -8.2500 91.5000
v -35.0000 8.2500 91.5000
v -36.5000 -8.2500 102.7583
v -38.3826 -8.2500 98.8492
v -42.6126 -8.2500 97.8837
v -46.0048 -8.2500 100.5889
v -46.0048 -8.2500 104.9277
v -42.6126 -8.2500 107.6330
v -38.3826 -8.2500 106.6675
v -36.5000 8.2500 102.7583
v -38.3826 8.2500 98.8492
v -42.6126 8.2500 97.8837
v -46.0048 8.2500 100.5889
v -46.0048 8.2500 104.9277
v -42.6126 8.2500 107.6330
v -38.3826 8.2500 106.6675
v -41.5000 -8.2500 102.7583
v -41.5000 8.2500 102.7583
v -49.5000 -8.2500 102.7583
v -51.3826 -8.2500 98.8492
v -55.6126 -8.2500 97.8837
v -59.0048 -8.2500 100.5889
v -59.0048 -8.2500 104.9277
v -55.6126 -8.2500 107.6330
v -51.3826 -8.2500 106.6675
v -49.5000 8.2500 102.7583
v -51.3826 8.2500 98.8492
v -55.6126 8.2500 97.8837
v -59.0048 8.2500 100.5889
v -59.0048 8.2500 104.9277
v -55.6126 8.2500 107.6330
v -51.3826 8.2500 106.6675
v -54.5000 -8.2500 102.7583
v -54.5000 8.2500 102.7583
v -56.0000 -8.2500 91.5000
v -57.8826 -8.2500 87.5908
v -62.1126 -8.2500 86.6254
v -65.5048 -8.2500 89.3306
v -65.5048 -8.2500 93.6694
v -62.1126 -8.2500 96.3746
v -57.8826 -8.2500 95.4092
v -56.0000 8.2500 91.5000
v -57.8826 8.2500 87.5908
v -62.1126 8.2500 86.6254
v -65.5048 8.2500 89.3306
v -65.5048 8.2500 93.6694
v -62.1126 8.2500 96.3746
v -57.8826 8.2500 95.4092
v -61.0000 -8.2500 91.5000
v -61.0000 8.2500 91.5000
v -49.5000 -8.2500 80.2417
v -51.3826 -8.2500 76.3325
v -55.6126 -8.2500 75.3670
v -59.0048 -8.2500 78.0723
v -59.0048 -8.2500 82.4111
v -55.6126 -8.2500 85.1163
v -51.3826 -8.2500 84.1508
v -49.5000 8.2500 80.2417
v -51.3826 8.2500 76.3325
v -55.6126 8.2500 75.3670
v -59.0048 8.2500 78.0723
v -59.0048 8.2500 82.4111
v -55.6126 8.2500 85.1163
v -51.3826 8.2500 84.1508
v -54.5000 -8.2500 80.2417
v -54.5000 8.2500 80.2417
v -36.5000 -8.2500 80.2417
v -38.3826 -8.2500 76.3325
v -42.6126 -8.2500 75.3670
v -46.0048 -8.2500 78.0723
v -46.0048 -8.2500 82.4111
v -42.6126 -8.2500 85.1163
v -38.3826 -8.2500 84.1508
v -36.5000 8.2500 80.2417
v -38.3826 8.2500 76.3325
v -42.6126 8.2500 75.3670
v -46.0048 8.2500 78.0723
v -46.0048 8.2500 82.4111
v -42.6126 8.2500 85.1163
v -38.3826 8.2500 84.1508
v -41.5000 -8.2500 80.2417
v -41.5000 8.2500 80.2417
f 21 22 35 34
f 22 23 36 35
f 23 24 37 36
f 24 25 38 37
f 25 26 39 38
f 26 27 40 39
f 27 28 41 40
f 28 29 42 41
f 29 30 43 42
f 30 31 44 43
f 31 32 45 44
f 32 33 46 45
f 33 21 34 46
f 47 60 61 48
f 48 61 62 49
f 49 62 63 50
f 50 63 64 51
f 51 64 65 52
f 52 65 66 53
f 53 66 67 54
f 54 67 68 55
f 55 68 69 56
f 56 69 70 57
f 57 70 71 58
f 58 71 72 59
f 59 72 60 47
f 34 35 61 60
f 21 47 48 22
f 35 36 62 61
f 22 48 49 23
f 36 37 63 62
f 23 49 50 24
f 37 38 64 63
f 24 50 51 25
f 38 39 65 64
f 25 51 52 26
f 39 40 66 65
f 26 52 53 27
f 40 41 67 66
f 27 53 54 28
f 41 42 68 67
f 28 54 55 29
f 42 43 69 68
f 29 55 56 30
f 43 44 70 69
f 30 56 57 31
f 44 45 71 70
f 31 57 58 32
f 45 46 72 71
f 32 58 59 33
f 46 34 60 72
f 33 59 47 21
f 73 74 87 86
f 74 75 88 87
f 75 76 89 88
f 76 77 90 89
f 77 78 91 90
f 78 79 92 91
f 79 80 93 92
f 80 81 94 93
f 81 82 95 94
f 82 83 96 95
f 83 84 97 96
f 84 85 98 97
f 85 73 86 98
f 99 112 113 100
f 100 113 114 101
f 101 114 115 102
f 102 115 116 103
f 103 116 117 104
f 104 117 118 105
f 105 118 119 106
f 106 119 120 107
f 107 120 121 108
f 108 121 122 109
f 109 122 123 110
f 110 123 124 111
f 111 124 112 99
f 86 87 113 112
f 73 99 100 74
f 87 88 114 113
f 74 100 101 75
f 88 89 115 114
f 75 101 102 76
f 89 90 116 115
f 76 102 103 77
f 90 91 117 116
f 77 103 104 78
f 91 92 118 117
f 78 104 105 79
f 92 93 119 118
f 79 105 106 80
f 93 94 120 119
f 80 106 107 81
f 94 95 121 120
f 81 107 108 82
f 95 96 122 121
f 82 108 109 83
f 96 97 123 122
f 83 109 110 84
f 97 98 124 123
f 84 110 111 85
f 98 86 112 124
f 85 111 99 73
f 125 126 139 138
f 126 127 140 139
f 127 128 141 140
f 128 129 142 141
f 129 130 143 142
f 130 131 144 143
f 131 132 145 144
f 132 133 146 145
f 133 134 147 146
f 134 135 148 147
f 135 136 149 148
f 136 137 150 149
f 137 125 138 150
f 151 126 125
f 152 138 139
f 151 127 126
f 152 139 140
f 151 128 127
f 152 140 141
f 151 129 128
f 152 141 142
f 151 130 129
f 152 142 143
f 151 131 130
f 152 143 144
f 151 132 131
f 152 144 145
f 151 133 132
f 152 145 146
f 151 134 133
f 152 146 147
f 151 135 134
f 152 147 148
f 151 136 135
f 152 148 149
f 151 137 136
f 152 149 150
f 151 125 137
f 152 150 138
f 153 154 161 160
f 154 155 162 161
f 155 156 163 162
f 156 157 164 163
f 157 158 165 164
f 158 159 166 165
f 159 153 160 166
f 167 154 153
f 168 160 161
f 167 155 154
f 168 161 162
f 167 156 155
f 168 162 163
f 167 157 156
f 168 163 164
f 167 158 157
f 168 164 165
f 167 159 158
f 168 165 166
f 167 153 159
f 168 166 160
f 169 170 177 176
f 170 171 178 177
f 171 172 179 178
f 172 173 180 179
f 173 174 181 180
f 174 175 182 181
f 175 169 176 182
f 183 170 169
f 184 176 177
f 183 171 170
f 184 177 178
f 183 172 171
f 184 178 179
f 183 173 172
f 184 179 180
f 183 174 173
f 184 180 181
f 183 175 174
f 184 181 182
f 183 169 175
f 184 182 176
f 185 186 193 192
f 186 187 194 193
f 187 188 195 194
f 188 189 196 195
f 189 190 197 196
f 190 191 198 197
f 191 185 192 198
f 199 186 185
f 200 192 193
f 199 187 186
f 200 193 194
f 199 188 187
f 200 194 195
f 199 189 188
f 200 195 196
f 199 190 189
f 200 196 197
f 199 191 190
f 200 197 198
f 199 185 191
f 200 198 192
f 201 202 209 208
f 202 203 210 209
f 203 204 211 210
f 204 205 212 211
f 205 206 213 212
f 206 207 214 213
f 207 201 208 214
f 215 202 201
f 216 208 209
f 215 203 202
f 216 209 210
f 215 204 203
f 216 210 211
f 215 205 204
f 216 211 212
f 215 206 205
f 216 212 213
f 215 207 206
f 216 213 214
f 215 201 207
f 216 214 208
f 217 218 225 224
f 218 219 226 225
f 219 220 227 226
f 220 221 228 227
f 221 222 229 228
f 222 223 230 229
f 223 217 224 230
f 231 218 217
f 232 224 225
f 231 219 218
f 232 225 226
f 231 220 219
f 232 226 227
f 231 221 220
f 232 227 228
f 231 222 221
f 232 228 229
f 231 223 222
f 232 229 230
f 231 217 223
f 232 230 224
f 233 234 241 240
f 234 235 242 241
f 235 236 243 242
f 236 237 244 243
f 237 238 245 244
f 238 239 246 245
f 239 233 240 246
f 247 234 233
f 248 240 241
f 247 235 234
f 248 241 242
f 247 236 235
f 248 242 243
f 247 237 236
f 248 243 244
f 247 238 237
f 248 244 245
f 247 239 238
f 248 245 246
f 247 233 239
f 248 246 240

o POLEA_GOMA_TRACCION_IZQ
usemtl rubber_black
v -22.0000 -8.0000 91.5000
v -24.9781 -8.0000 79.4172
v -33.2303 -8.0000 70.1024
v -44.8660 -8.0000 65.6896
v -57.2197 -8.0000 67.1896
v -67.4613 -8.0000 74.2588
v -73.2445 -8.0000 85.2778
v -73.2445 -8.0000 97.7222
v -67.4613 -8.0000 108.7412
v -57.2197 -8.0000 115.8104
v -44.8660 -8.0000 117.3104
v -33.2303 -8.0000 112.8976
v -24.9781 -8.0000 103.5828
v -22.0000 8.0000 91.5000
v -24.9781 8.0000 79.4172
v -33.2303 8.0000 70.1024
v -44.8660 8.0000 65.6896
v -57.2197 8.0000 67.1896
v -67.4613 8.0000 74.2588
v -73.2445 8.0000 85.2778
v -73.2445 8.0000 97.7222
v -67.4613 8.0000 108.7412
v -57.2197 8.0000 115.8104
v -44.8660 8.0000 117.3104
v -33.2303 8.0000 112.8976
v -24.9781 8.0000 103.5828
v -26.0000 -8.0000 91.5000
v -28.5200 -8.0000 81.2761
v -35.5026 -8.0000 73.3944
v -45.3482 -8.0000 69.6604
v -55.8013 -8.0000 70.9296
v -64.4672 -8.0000 76.9113
v -69.3607 -8.0000 86.2351
v -69.3607 -8.0000 96.7649
v -64.4672 -8.0000 106.0887
v -55.8013 -8.0000 112.0704
v -45.3482 -8.0000 113.3396
v -35.5026 -8.0000 109.6056
v -28.5200 -8.0000 101.7239
v -26.0000 8.0000 91.5000
v -28.5200 8.0000 81.2761
v -35.5026 8.0000 73.3944
v -45.3482 8.0000 69.6604
v -55.8013 8.0000 70.9296
v -64.4672 8.0000 76.9113
v -69.3607 8.0000 86.2351
v -69.3607 8.0000 96.7649
v -64.4672 8.0000 106.0887
v -55.8013 8.0000 112.0704
v -45.3482 8.0000 113.3396
v -35.5026 8.0000 109.6056
v -28.5200 8.0000 101.7239
v -23.0000 -8.0000 90.0000
v -19.0000 -8.0000 90.0000
v -19.0000 8.0000 90.0000
v -23.0000 8.0000 90.0000
v -23.0000 -8.0000 93.0000
v -19.0000 -8.0000 93.0000
v -19.0000 8.0000 93.0000
v -23.0000 8.0000 93.0000
v -30.1819 -8.0000 108.4407
v -26.4863 -8.0000 109.9714
v -26.4863 8.0000 109.9714
v -30.1819 8.0000 108.4407
v -31.3299 -8.0000 111.2123
v -27.6344 -8.0000 112.7431
v -27.6344 8.0000 112.7431
v -31.3299 8.0000 111.2123
v -48.3536 -8.0000 116.0251
v -45.5251 -8.0000 118.8536
v -45.5251 8.0000 118.8536
v -48.3536 8.0000 116.0251
v -50.4749 -8.0000 118.1464
v -47.6464 -8.0000 120.9749
v -47.6464 8.0000 120.9749
v -50.4749 8.0000 118.1464
v -66.4714 -8.0000 108.1701
v -64.9407 -8.0000 111.8656
v -64.9407 8.0000 111.8656
v -66.4714 8.0000 108.1701
v -69.2431 -8.0000 109.3181
v -67.7123 -8.0000 113.0137
v -67.7123 8.0000 113.0137
v -69.2431 8.0000 109.3181
v -73.5000 -8.0000 89.5000
v -73.5000 -8.0000 93.5000
v -73.5000 8.0000 93.5000
v -73.5000 8.0000 89.5000
v -76.5000 -8.0000 89.5000
v -76.5000 -8.0000 93.5000
v -76.5000 8.0000 93.5000
v -76.5000 8.0000 89.5000
v -64.9407 -8.0000 71.1344
v -66.4714 -8.0000 74.8299
v -66.4714 8.0000 74.8299
v -64.9407 8.0000 71.1344
v -67.7123 -8.0000 69.9863
v -69.2431 -8.0000 73.6819
v -69.2431 8.0000 73.6819
v -67.7123 8.0000 69.9863
v -45.5251 -8.0000 64.1464
v -48.3536 -8.0000 66.9749
v -48.3536 8.0000 66.9749
v -45.5251 8.0000 64.1464
v -47.6464 -8.0000 62.0251
v -50.4749 -8.0000 64.8536
v -50.4749 8.0000 64.8536
v -47.6464 8.0000 62.0251
v -26.4863 -8.0000 73.0286
v -30.1819 -8.0000 74.5593
v -30.1819 8.0000 74.5593
v -26.4863 8.0000 73.0286
v -27.6344 -8.0000 70.2569
v -31.3299 -8.0000 71.7877
v -31.3299 8.0000 71.7877
v -27.6344 8.0000 70.2569
v -19.0000 -8.0000 93.0000
v -23.0000 -8.0000 93.0000
v -23.0000 8.0000 93.0000
v -19.0000 8.0000 93.0000
v -19.0000 -8.0000 90.0000
v -23.0000 -8.0000 90.0000
v -23.0000 8.0000 90.0000
v -19.0000 8.0000 90.0000
v -27.6344 -8.0000 112.7431
v -31.3299 -8.0000 111.2123
v -31.3299 8.0000 111.2123
v -27.6344 8.0000 112.7431
v -26.4863 -8.0000 109.9714
v -30.1819 -8.0000 108.4407
v -30.1819 8.0000 108.4407
v -26.4863 8.0000 109.9714
v -47.6464 -8.0000 120.9749
v -50.4749 -8.0000 118.1464
v -50.4749 8.0000 118.1464
v -47.6464 8.0000 120.9749
v -45.5251 -8.0000 118.8536
v -48.3536 -8.0000 116.0251
v -48.3536 8.0000 116.0251
v -45.5251 8.0000 118.8536
v -67.7123 -8.0000 113.0137
v -69.2431 -8.0000 109.3181
v -69.2431 8.0000 109.3181
v -67.7123 8.0000 113.0137
v -64.9407 -8.0000 111.8656
v -66.4714 -8.0000 108.1701
v -66.4714 8.0000 108.1701
v -64.9407 8.0000 111.8656
v -76.5000 -8.0000 93.5000
v -76.5000 -8.0000 89.5000
v -76.5000 8.0000 89.5000
v -76.5000 8.0000 93.5000
v -73.5000 -8.0000 93.5000
v -73.5000 -8.0000 89.5000
v -73.5000 8.0000 89.5000
v -73.5000 8.0000 93.5000
v -69.2431 -8.0000 73.6819
v -67.7123 -8.0000 69.9863
v -67.7123 8.0000 69.9863
v -69.2431 8.0000 73.6819
v -66.4714 -8.0000 74.8299
v -64.9407 -8.0000 71.1344
v -64.9407 8.0000 71.1344
v -66.4714 8.0000 74.8299
v -50.4749 -8.0000 64.8536
v -47.6464 -8.0000 62.0251
v -47.6464 8.0000 62.0251
v -50.4749 8.0000 64.8536
v -48.3536 -8.0000 66.9749
v -45.5251 -8.0000 64.1464
v -45.5251 8.0000 64.1464
v -48.3536 8.0000 66.9749
v -31.3299 -8.0000 71.7877
v -27.6344 -8.0000 70.2569
v -27.6344 8.0000 70.2569
v -31.3299 8.0000 71.7877
v -30.1819 -8.0000 74.5593
v -26.4863 -8.0000 73.0286
v -26.4863 8.0000 73.0286
v -30.1819 8.0000 74.5593
f 249 250 263 262
f 250 251 264 263
f 251 252 265 264
f 252 253 266 265
f 253 254 267 266
f 254 255 268 267
f 255 256 269 268
f 256 257 270 269
f 257 258 271 270
f 258 259 272 271
f 259 260 273 272
f 260 261 274 273
f 261 249 262 274
f 275 288 289 276
f 276 289 290 277
f 277 290 291 278
f 278 291 292 279
f 279 292 293 280
f 280 293 294 281
f 281 294 295 282
f 282 295 296 283
f 283 296 297 284
f 284 297 298 285
f 285 298 299 286
f 286 299 300 287
f 287 300 288 275
f 262 263 289 288
f 249 275 276 250
f 263 264 290 289
f 250 276 277 251
f 264 265 291 290
f 251 277 278 252
f 265 266 292 291
f 252 278 279 253
f 266 267 293 292
f 253 279 280 254
f 267 268 294 293
f 254 280 281 255
f 268 269 295 294
f 255 281 282 256
f 269 270 296 295
f 256 282 283 257
f 270 271 297 296
f 257 283 284 258
f 271 272 298 297
f 258 284 285 259
f 272 273 299 298
f 259 285 286 260
f 273 274 300 299
f 260 286 287 261
f 274 262 288 300
f 261 287 275 249
f 301 304 303 302
f 305 306 307 308
f 301 302 306 305
f 304 308 307 303
f 301 305 308 304
f 302 303 307 306
f 309 312 311 310
f 313 314 315 316
f 309 310 314 313
f 312 316 315 311
f 309 313 316 312
f 310 311 315 314
f 317 320 319 318
f 321 322 323 324
f 317 318 322 321
f 320 324 323 319
f 317 321 324 320
f 318 319 323 322
f 325 328 327 326
f 329 330 331 332
f 325 326 330 329
f 328 332 331 327
f 325 329 332 328
f 326 327 331 330
f 333 336 335 334
f 337 338 339 340
f 333 334 338 337
f 336 340 339 335
f 333 337 340 336
f 334 335 339 338
f 341 344 343 342
f 345 346 347 348
f 341 342 346 345
f 344 348 347 343
f 341 345 348 344
f 342 343 347 346
f 349 352 351 350
f 353 354 355 356
f 349 350 354 353
f 352 356 355 351
f 349 353 356 352
f 350 351 355 354
f 357 360 359 358
f 361 362 363 364
f 357 358 362 361
f 360 364 363 359
f 357 361 364 360
f 358 359 363 362
f 365 368 367 366
f 369 370 371 372
f 365 366 370 369
f 368 372 371 367
f 365 369 372 368
f 366 367 371 370
f 373 376 375 374
f 377 378 379 380
f 373 374 378 377
f 376 380 379 375
f 373 377 380 376
f 374 375 379 378
f 381 384 383 382
f 385 386 387 388
f 381 382 386 385
f 384 388 387 383
f 381 385 388 384
f 382 383 387 386
f 389 392 391 390
f 393 394 395 396
f 389 390 394 393
f 392 396 395 391
f 389 393 396 392
f 390 391 395 394
f 397 400 399 398
f 401 402 403 404
f 397 398 402 401
f 400 404 403 399
f 397 401 404 400
f 398 399 403 402
f 405 408 407 406
f 409 410 411 412
f 405 406 410 409
f 408 412 411 407
f 405 409 412 408
f 406 407 411 410
f 413 416 415 414
f 417 418 419 420
f 413 414 418 417
f 416 420 419 415
f 413 417 420 416
f 414 415 419 418
f 421 424 423 422
f 425 426 427 428
f 421 422 426 425
f 424 428 427 423
f 421 425 428 424
f 422 423 427 426

o POLEA_BLANCA_RUEDA_DER
usemtl plastic_white
v 78.0000 -12.0000 91.5000
v 74.5637 -12.0000 77.5583
v 65.0419 -12.0000 66.8105
v 51.6161 -12.0000 61.7187
v 37.3619 -12.0000 63.4495
v 25.5447 -12.0000 71.6063
v 18.8717 -12.0000 84.3205
v 18.8717 -12.0000 98.6795
v 25.5447 -12.0000 111.3937
v 37.3619 -12.0000 119.5505
v 51.6161 -12.0000 121.2813
v 65.0419 -12.0000 116.1895
v 74.5637 -12.0000 105.4417
v 78.0000 -8.0000 91.5000
v 74.5637 -8.0000 77.5583
v 65.0419 -8.0000 66.8105
v 51.6161 -8.0000 61.7187
v 37.3619 -8.0000 63.4495
v 25.5447 -8.0000 71.6063
v 18.8717 -8.0000 84.3205
v 18.8717 -8.0000 98.6795
v 25.5447 -8.0000 111.3937
v 37.3619 -8.0000 119.5505
v 51.6161 -8.0000 121.2813
v 65.0419 -8.0000 116.1895
v 74.5637 -8.0000 105.4417
v 68.0000 -12.0000 91.5000
v 65.7091 -12.0000 82.2055
v 59.3613 -12.0000 75.0403
v 50.4107 -12.0000 71.6458
v 40.9079 -12.0000 72.7997
v 33.0298 -12.0000 78.2375
v 28.5812 -12.0000 86.7137
v 28.5812 -12.0000 96.2863
v 33.0298 -12.0000 104.7625
v 40.9079 -12.0000 110.2003
v 50.4107 -12.0000 111.3542
v 59.3613 -12.0000 107.9597
v 65.7091 -12.0000 100.7945
v 68.0000 -8.0000 91.5000
v 65.7091 -8.0000 82.2055
v 59.3613 -8.0000 75.0403
v 50.4107 -8.0000 71.6458
v 40.9079 -8.0000 72.7997
v 33.0298 -8.0000 78.2375
v 28.5812 -8.0000 86.7137
v 28.5812 -8.0000 96.2863
v 33.0298 -8.0000 104.7625
v 40.9079 -8.0000 110.2003
v 50.4107 -8.0000 111.3542
v 59.3613 -8.0000 107.9597
v 65.7091 -8.0000 100.7945
v 78.0000 8.0000 91.5000
v 74.5637 8.0000 77.5583
v 65.0419 8.0000 66.8105
v 51.6161 8.0000 61.7187
v 37.3619 8.0000 63.4495
v 25.5447 8.0000 71.6063
v 18.8717 8.0000 84.3205
v 18.8717 8.0000 98.6795
v 25.5447 8.0000 111.3937
v 37.3619 8.0000 119.5505
v 51.6161 8.0000 121.2813
v 65.0419 8.0000 116.1895
v 74.5637 8.0000 105.4417
v 78.0000 12.0000 91.5000
v 74.5637 12.0000 77.5583
v 65.0419 12.0000 66.8105
v 51.6161 12.0000 61.7187
v 37.3619 12.0000 63.4495
v 25.5447 12.0000 71.6063
v 18.8717 12.0000 84.3205
v 18.8717 12.0000 98.6795
v 25.5447 12.0000 111.3937
v 37.3619 12.0000 119.5505
v 51.6161 12.0000 121.2813
v 65.0419 12.0000 116.1895
v 74.5637 12.0000 105.4417
v 68.0000 8.0000 91.5000
v 65.7091 8.0000 82.2055
v 59.3613 8.0000 75.0403
v 50.4107 8.0000 71.6458
v 40.9079 8.0000 72.7997
v 33.0298 8.0000 78.2375
v 28.5812 8.0000 86.7137
v 28.5812 8.0000 96.2863
v 33.0298 8.0000 104.7625
v 40.9079 8.0000 110.2003
v 50.4107 8.0000 111.3542
v 59.3613 8.0000 107.9597
v 65.7091 8.0000 100.7945
v 68.0000 12.0000 91.5000
v 65.7091 12.0000 82.2055
v 59.3613 12.0000 75.0403
v 50.4107 12.0000 71.6458
v 40.9079 12.0000 72.7997
v 33.0298 12.0000 78.2375
v 28.5812 12.0000 86.7137
v 28.5812 12.0000 96.2863
v 33.0298 12.0000 104.7625
v 40.9079 12.0000 110.2003
v 50.4107 12.0000 111.3542
v 59.3613 12.0000 107.9597
v 65.7091 12.0000 100.7945
v 70.0000 -8.0000 91.5000
v 67.4800 -8.0000 81.2761
v 60.4974 -8.0000 73.3944
v 50.6518 -8.0000 69.6604
v 40.1987 -8.0000 70.9296
v 31.5328 -8.0000 76.9113
v 26.6393 -8.0000 86.2351
v 26.6393 -8.0000 96.7649
v 31.5328 -8.0000 106.0887
v 40.1987 -8.0000 112.0704
v 50.6518 -8.0000 113.3396
v 60.4974 -8.0000 109.6056
v 67.4800 -8.0000 101.7239
v 70.0000 8.0000 91.5000
v 67.4800 8.0000 81.2761
v 60.4974 8.0000 73.3944
v 50.6518 8.0000 69.6604
v 40.1987 8.0000 70.9296
v 31.5328 8.0000 76.9113
v 26.6393 8.0000 86.2351
v 26.6393 8.0000 96.7649
v 31.5328 8.0000 106.0887
v 40.1987 8.0000 112.0704
v 50.6518 8.0000 113.3396
v 60.4974 8.0000 109.6056
v 67.4800 8.0000 101.7239
v 48.0000 -8.0000 91.5000
v 48.0000 8.0000 91.5000
v 66.0000 -8.2500 91.5000
v 64.1174 -8.2500 87.5908
v 59.8874 -8.2500 86.6254
v 56.4952 -8.2500 89.3306
v 56.4952 -8.2500 93.6694
v 59.8874 -8.2500 96.3746
v 64.1174 -8.2500 95.4092
v 66.0000 8.2500 91.5000
v 64.1174 8.2500 87.5908
v 59.8874 8.2500 86.6254
v 56.4952 8.2500 89.3306
v 56.4952 8.2500 93.6694
v 59.8874 8.2500 96.3746
v 64.1174 8.2500 95.4092
v 61.0000 -8.2500 91.5000
v 61.0000 8.2500 91.5000
v 59.5000 -8.2500 102.7583
v 57.6174 -8.2500 98.8492
v 53.3874 -8.2500 97.8837
v 49.9952 -8.2500 100.5889
v 49.9952 -8.2500 104.9277
v 53.3874 -8.2500 107.6330
v 57.6174 -8.2500 106.6675
v 59.5000 8.2500 102.7583
v 57.6174 8.2500 98.8492
v 53.3874 8.2500 97.8837
v 49.9952 8.2500 100.5889
v 49.9952 8.2500 104.9277
v 53.3874 8.2500 107.6330
v 57.6174 8.2500 106.6675
v 54.5000 -8.2500 102.7583
v 54.5000 8.2500 102.7583
v 46.5000 -8.2500 102.7583
v 44.6174 -8.2500 98.8492
v 40.3874 -8.2500 97.8837
v 36.9952 -8.2500 100.5889
v 36.9952 -8.2500 104.9277
v 40.3874 -8.2500 107.6330
v 44.6174 -8.2500 106.6675
v 46.5000 8.2500 102.7583
v 44.6174 8.2500 98.8492
v 40.3874 8.2500 97.8837
v 36.9952 8.2500 100.5889
v 36.9952 8.2500 104.9277
v 40.3874 8.2500 107.6330
v 44.6174 8.2500 106.6675
v 41.5000 -8.2500 102.7583
v 41.5000 8.2500 102.7583
v 40.0000 -8.2500 91.5000
v 38.1174 -8.2500 87.5908
v 33.8874 -8.2500 86.6254
v 30.4952 -8.2500 89.3306
v 30.4952 -8.2500 93.6694
v 33.8874 -8.2500 96.3746
v 38.1174 -8.2500 95.4092
v 40.0000 8.2500 91.5000
v 38.1174 8.2500 87.5908
v 33.8874 8.2500 86.6254
v 30.4952 8.2500 89.3306
v 30.4952 8.2500 93.6694
v 33.8874 8.2500 96.3746
v 38.1174 8.2500 95.4092
v 35.0000 -8.2500 91.5000
v 35.0000 8.2500 91.5000
v 46.5000 -8.2500 80.2417
v 44.6174 -8.2500 76.3325
v 40.3874 -8.2500 75.3670
v 36.9952 -8.2500 78.0723
v 36.9952 -8.2500 82.4111
v 40.3874 -8.2500 85.1163
v 44.6174 -8.2500 84.1508
v 46.5000 8.2500 80.2417
v 44.6174 8.2500 76.3325
v 40.3874 8.2500 75.3670
v 36.9952 8.2500 78.0723
v 36.9952 8.2500 82.4111
v 40.3874 8.2500 85.1163
v 44.6174 8.2500 84.1508
v 41.5000 -8.2500 80.2417
v 41.5000 8.2500 80.2417
v 59.5000 -8.2500 80.2417
v 57.6174 -8.2500 76.3325
v 53.3874 -8.2500 75.3670
v 49.9952 -8.2500 78.0723
v 49.9952 -8.2500 82.4111
v 53.3874 -8.2500 85.1163
v 57.6174 -8.2500 84.1508
v 59.5000 8.2500 80.2417
v 57.6174 8.2500 76.3325
v 53.3874 8.2500 75.3670
v 49.9952 8.2500 78.0723
v 49.9952 8.2500 82.4111
v 53.3874 8.2500 85.1163
v 57.6174 8.2500 84.1508
v 54.5000 -8.2500 80.2417
v 54.5000 8.2500 80.2417
f 429 430 443 442
f 430 431 444 443
f 431 432 445 444
f 432 433 446 445
f 433 434 447 446
f 434 435 448 447
f 435 436 449 448
f 436 437 450 449
f 437 438 451 450
f 438 439 452 451
f 439 440 453 452
f 440 441 454 453
f 441 429 442 454
f 455 468 469 456
f 456 469 470 457
f 457 470 471 458
f 458 471 472 459
f 459 472 473 460
f 460 473 474 461
f 461 474 475 462
f 462 475 476 463
f 463 476 477 464
f 464 477 478 465
f 465 478 479 466
f 466 479 480 467
f 467 480 468 455
f 442 443 469 468
f 429 455 456 430
f 443 444 470 469
f 430 456 457 431
f 444 445 471 470
f 431 457 458 432
f 445 446 472 471
f 432 458 459 433
f 446 447 473 472
f 433 459 460 434
f 447 448 474 473
f 434 460 461 435
f 448 449 475 474
f 435 461 462 436
f 449 450 476 475
f 436 462 463 437
f 450 451 477 476
f 437 463 464 438
f 451 452 478 477
f 438 464 465 439
f 452 453 479 478
f 439 465 466 440
f 453 454 480 479
f 440 466 467 441
f 454 442 468 480
f 441 467 455 429
f 481 482 495 494
f 482 483 496 495
f 483 484 497 496
f 484 485 498 497
f 485 486 499 498
f 486 487 500 499
f 487 488 501 500
f 488 489 502 501
f 489 490 503 502
f 490 491 504 503
f 491 492 505 504
f 492 493 506 505
f 493 481 494 506
f 507 520 521 508
f 508 521 522 509
f 509 522 523 510
f 510 523 524 511
f 511 524 525 512
f 512 525 526 513
f 513 526 527 514
f 514 527 528 515
f 515 528 529 516
f 516 529 530 517
f 517 530 531 518
f 518 531 532 519
f 519 532 520 507
f 494 495 521 520
f 481 507 508 482
f 495 496 522 521
f 482 508 509 483
f 496 497 523 522
f 483 509 510 484
f 497 498 524 523
f 484 510 511 485
f 498 499 525 524
f 485 511 512 486
f 499 500 526 525
f 486 512 513 487
f 500 501 527 526
f 487 513 514 488
f 501 502 528 527
f 488 514 515 489
f 502 503 529 528
f 489 515 516 490
f 503 504 530 529
f 490 516 517 491
f 504 505 531 530
f 491 517 518 492
f 505 506 532 531
f 492 518 519 493
f 506 494 520 532
f 493 519 507 481
f 533 534 547 546
f 534 535 548 547
f 535 536 549 548
f 536 537 550 549
f 537 538 551 550
f 538 539 552 551
f 539 540 553 552
f 540 541 554 553
f 541 542 555 554
f 542 543 556 555
f 543 544 557 556
f 544 545 558 557
f 545 533 546 558
f 559 534 533
f 560 546 547
f 559 535 534
f 560 547 548
f 559 536 535
f 560 548 549
f 559 537 536
f 560 549 550
f 559 538 537
f 560 550 551
f 559 539 538
f 560 551 552
f 559 540 539
f 560 552 553
f 559 541 540
f 560 553 554
f 559 542 541
f 560 554 555
f 559 543 542
f 560 555 556
f 559 544 543
f 560 556 557
f 559 545 544
f 560 557 558
f 559 533 545
f 560 558 546
f 561 562 569 568
f 562 563 570 569
f 563 564 571 570
f 564 565 572 571
f 565 566 573 572
f 566 567 574 573
f 567 561 568 574
f 575 562 561
f 576 568 569
f 575 563 562
f 576 569 570
f 575 564 563
f 576 570 571
f 575 565 564
f 576 571 572
f 575 566 565
f 576 572 573
f 575 567 566
f 576 573 574
f 575 561 567
f 576 574 568
f 577 578 585 584
f 578 579 586 585
f 579 580 587 586
f 580 581 588 587
f 581 582 589 588
f 582 583 590 589
f 583 577 584 590
f 591 578 577
f 592 584 585
f 591 579 578
f 592 585 586
f 591 580 579
f 592 586 587
f 591 581 580
f 592 587 588
f 591 582 581
f 592 588 589
f 591 583 582
f 592 589 590
f 591 577 583
f 592 590 584
f 593 594 601 600
f 594 595 602 601
f 595 596 603 602
f 596 597 604 603
f 597 598 605 604
f 598 599 606 605
f 599 593 600 606
f 607 594 593
f 608 600 601
f 607 595 594
f 608 601 602
f 607 596 595
f 608 602 603
f 607 597 596
f 608 603 604
f 607 598 597
f 608 604 605
f 607 599 598
f 608 605 606
f 607 593 599
f 608 606 600
f 609 610 617 616
f 610 611 618 617
f 611 612 619 618
f 612 613 620 619
f 613 614 621 620
f 614 615 622 621
f 615 609 616 622
f 623 610 609
f 624 616 617
f 623 611 610
f 624 617 618
f 623 612 611
f 624 618 619
f 623 613 612
f 624 619 620
f 623 614 613
f 624 620 621
f 623 615 614
f 624 621 622
f 623 609 615
f 624 622 616
f 625 626 633 632
f 626 627 634 633
f 627 628 635 634
f 628 629 636 635
f 629 630 637 636
f 630 631 638 637
f 631 625 632 638
f 639 626 625
f 640 632 633
f 639 627 626
f 640 633 634
f 639 628 627
f 640 634 635
f 639 629 628
f 640 635 636
f 639 630 629
f 640 636 637
f 639 631 630
f 640 637 638
f 639 625 631
f 640 638 632
f 641 642 649 648
f 642 643 650 649
f 643 644 651 650
f 644 645 652 651
f 645 646 653 652
f 646 647 654 653
f 647 641 648 654
f 655 642 641
f 656 648 649
f 655 643 642
f 656 649 650
f 655 644 643
f 656 650 651
f 655 645 644
f 656 651 652
f 655 646 645
f 656 652 653
f 655 647 646
f 656 653 654
f 655 641 647
f 656 654 648

o POLEA_GOMA_TRACCION_DER
usemtl rubber_black
v 74.0000 -8.0000 91.5000
v 71.0219 -8.0000 79.4172
v 62.7697 -8.0000 70.1024
v 51.1340 -8.0000 65.6896
v 38.7803 -8.0000 67.1896
v 28.5387 -8.0000 74.2588
v 22.7555 -8.0000 85.2778
v 22.7555 -8.0000 97.7222
v 28.5387 -8.0000 108.7412
v 38.7803 -8.0000 115.8104
v 51.1340 -8.0000 117.3104
v 62.7697 -8.0000 112.8976
v 71.0219 -8.0000 103.5828
v 74.0000 8.0000 91.5000
v 71.0219 8.0000 79.4172
v 62.7697 8.0000 70.1024
v 51.1340 8.0000 65.6896
v 38.7803 8.0000 67.1896
v 28.5387 8.0000 74.2588
v 22.7555 8.0000 85.2778
v 22.7555 8.0000 97.7222
v 28.5387 8.0000 108.7412
v 38.7803 8.0000 115.8104
v 51.1340 8.0000 117.3104
v 62.7697 8.0000 112.8976
v 71.0219 8.0000 103.5828
v 70.0000 -8.0000 91.5000
v 67.4800 -8.0000 81.2761
v 60.4974 -8.0000 73.3944
v 50.6518 -8.0000 69.6604
v 40.1987 -8.0000 70.9296
v 31.5328 -8.0000 76.9113
v 26.6393 -8.0000 86.2351
v 26.6393 -8.0000 96.7649
v 31.5328 -8.0000 106.0887
v 40.1987 -8.0000 112.0704
v 50.6518 -8.0000 113.3396
v 60.4974 -8.0000 109.6056
v 67.4800 -8.0000 101.7239
v 70.0000 8.0000 91.5000
v 67.4800 8.0000 81.2761
v 60.4974 8.0000 73.3944
v 50.6518 8.0000 69.6604
v 40.1987 8.0000 70.9296
v 31.5328 8.0000 76.9113
v 26.6393 8.0000 86.2351
v 26.6393 8.0000 96.7649
v 31.5328 8.0000 106.0887
v 40.1987 8.0000 112.0704
v 50.6518 8.0000 113.3396
v 60.4974 8.0000 109.6056
v 67.4800 8.0000 101.7239
v 73.0000 -8.0000 90.0000
v 77.0000 -8.0000 90.0000
v 77.0000 8.0000 90.0000
v 73.0000 8.0000 90.0000
v 73.0000 -8.0000 93.0000
v 77.0000 -8.0000 93.0000
v 77.0000 8.0000 93.0000
v 73.0000 8.0000 93.0000
v 65.8181 -8.0000 108.4407
v 69.5137 -8.0000 109.9714
v 69.5137 8.0000 109.9714
v 65.8181 8.0000 108.4407
v 64.6701 -8.0000 111.2123
v 68.3656 -8.0000 112.7431
v 68.3656 8.0000 112.7431
v 64.6701 8.0000 111.2123
v 47.6464 -8.0000 116.0251
v 50.4749 -8.0000 118.8536
v 50.4749 8.0000 118.8536
v 47.6464 8.0000 116.0251
v 45.5251 -8.0000 118.1464
v 48.3536 -8.0000 120.9749
v 48.3536 8.0000 120.9749
v 45.5251 8.0000 118.1464
v 29.5286 -8.0000 108.1701
v 31.0593 -8.0000 111.8656
v 31.0593 8.0000 111.8656
v 29.5286 8.0000 108.1701
v 26.7569 -8.0000 109.3181
v 28.2877 -8.0000 113.0137
v 28.2877 8.0000 113.0137
v 26.7569 8.0000 109.3181
v 22.5000 -8.0000 89.5000
v 22.5000 -8.0000 93.5000
v 22.5000 8.0000 93.5000
v 22.5000 8.0000 89.5000
v 19.5000 -8.0000 89.5000
v 19.5000 -8.0000 93.5000
v 19.5000 8.0000 93.5000
v 19.5000 8.0000 89.5000
v 31.0593 -8.0000 71.1344
v 29.5286 -8.0000 74.8299
v 29.5286 8.0000 74.8299
v 31.0593 8.0000 71.1344
v 28.2877 -8.0000 69.9863
v 26.7569 -8.0000 73.6819
v 26.7569 8.0000 73.6819
v 28.2877 8.0000 69.9863
v 50.4749 -8.0000 64.1464
v 47.6464 -8.0000 66.9749
v 47.6464 8.0000 66.9749
v 50.4749 8.0000 64.1464
v 48.3536 -8.0000 62.0251
v 45.5251 -8.0000 64.8536
v 45.5251 8.0000 64.8536
v 48.3536 8.0000 62.0251
v 69.5137 -8.0000 73.0286
v 65.8181 -8.0000 74.5593
v 65.8181 8.0000 74.5593
v 69.5137 8.0000 73.0286
v 68.3656 -8.0000 70.2569
v 64.6701 -8.0000 71.7877
v 64.6701 8.0000 71.7877
v 68.3656 8.0000 70.2569
v 77.0000 -8.0000 93.0000
v 73.0000 -8.0000 93.0000
v 73.0000 8.0000 93.0000
v 77.0000 8.0000 93.0000
v 77.0000 -8.0000 90.0000
v 73.0000 -8.0000 90.0000
v 73.0000 8.0000 90.0000
v 77.0000 8.0000 90.0000
v 68.3656 -8.0000 112.7431
v 64.6701 -8.0000 111.2123
v 64.6701 8.0000 111.2123
v 68.3656 8.0000 112.7431
v 69.5137 -8.0000 109.9714
v 65.8181 -8.0000 108.4407
v 65.8181 8.0000 108.4407
v 69.5137 8.0000 109.9714
v 48.3536 -8.0000 120.9749
v 45.5251 -8.0000 118.1464
v 45.5251 8.0000 118.1464
v 48.3536 8.0000 120.9749
v 50.4749 -8.0000 118.8536
v 47.6464 -8.0000 116.0251
v 47.6464 8.0000 116.0251
v 50.4749 8.0000 118.8536
v 28.2877 -8.0000 113.0137
v 26.7569 -8.0000 109.3181
v 26.7569 8.0000 109.3181
v 28.2877 8.0000 113.0137
v 31.0593 -8.0000 111.8656
v 29.5286 -8.0000 108.1701
v 29.5286 8.0000 108.1701
v 31.0593 8.0000 111.8656
v 19.5000 -8.0000 93.5000
v 19.5000 -8.0000 89.5000
v 19.5000 8.0000 89.5000
v 19.5000 8.0000 93.5000
v 22.5000 -8.0000 93.5000
v 22.5000 -8.0000 89.5000
v 22.5000 8.0000 89.5000
v 22.5000 8.0000 93.5000
v 26.7569 -8.0000 73.6819
v 28.2877 -8.0000 69.9863
v 28.2877 8.0000 69.9863
v 26.7569 8.0000 73.6819
v 29.5286 -8.0000 74.8299
v 31.0593 -8.0000 71.1344
v 31.0593 8.0000 71.1344
v 29.5286 8.0000 74.8299
v 45.5251 -8.0000 64.8536
v 48.3536 -8.0000 62.0251
v 48.3536 8.0000 62.0251
v 45.5251 8.0000 64.8536
v 47.6464 -8.0000 66.9749
v 50.4749 -8.0000 64.1464
v 50.4749 8.0000 64.1464
v 47.6464 8.0000 66.9749
v 64.6701 -8.0000 71.7877
v 68.3656 -8.0000 70.2569
v 68.3656 8.0000 70.2569
v 64.6701 8.0000 71.7877
v 65.8181 -8.0000 74.5593
v 69.5137 -8.0000 73.0286
v 69.5137 8.0000 73.0286
v 65.8181 8.0000 74.5593
f 657 658 671 670
f 658 659 672 671
f 659 660 673 672
f 660 661 674 673
f 661 662 675 674
f 662 663 676 675
f 663 664 677 676
f 664 665 678 677
f 665 666 679 678
f 666 667 680 679
f 667 668 681 680
f 668 669 682 681
f 669 657 670 682
f 683 696 697 684
f 684 697 698 685
f 685 698 699 686
f 686 699 700 687
f 687 700 701 688
f 688 701 702 689
f 689 702 703 690
f 690 703 704 691
f 691 704 705 692
f 692 705 706 693
f 693 706 707 694
f 694 707 708 695
f 695 708 696 683
f 670 671 697 696
f 657 683 684 658
f 671 672 698 697
f 658 684 685 659
f 672 673 699 698
f 659 685 686 660
f 673 674 700 699
f 660 686 687 661
f 674 675 701 700
f 661 687 688 662
f 675 676 702 701
f 662 688 689 663
f 676 677 703 702
f 663 689 690 664
f 677 678 704 703
f 664 690 691 665
f 678 679 705 704
f 665 691 692 666
f 679 680 706 705
f 666 692 693 667
f 680 681 707 706
f 667 693 694 668
f 681 682 708 707
f 668 694 695 669
f 682 670 696 708
f 669 695 683 657
f 709 712 711 710
f 713 714 715 716
f 709 710 714 713
f 712 716 715 711
f 709 713 716 712
f 710 711 715 714
f 717 720 719 718
f 721 722 723 724
f 717 718 722 721
f 720 724 723 719
f 717 721 724 720
f 718 719 723 722
f 725 728 727 726
f 729 730 731 732
f 725 726 730 729
f 728 732 731 727
f 725 729 732 728
f 726 727 731 730
f 733 736 735 734
f 737 738 739 740
f 733 734 738 737
f 736 740 739 735
f 733 737 740 736
f 734 735 739 738
f 741 744 743 742
f 745 746 747 748
f 741 742 746 745
f 744 748 747 743
f 741 745 748 744
f 742 743 747 746
f 749 752 751 750
f 753 754 755 756
f 749 750 754 753
f 752 756 755 751
f 749 753 756 752
f 750 751 755 754
f 757 760 759 758
f 761 762 763 764
f 757 758 762 761
f 760 764 763 759
f 757 761 764 760
f 758 759 763 762
f 765 768 767 766
f 769 770 771 772
f 765 766 770 769
f 768 772 771 767
f 765 769 772 768
f 766 767 771 770
f 773 776 775 774
f 777 778 779 780
f 773 774 778 777
f 776 780 779 775
f 773 777 780 776
f 774 775 779 778
f 781 784 783 782
f 785 786 787 788
f 781 782 786 785
f 784 788 787 783
f 781 785 788 784
f 782 783 787 786
f 789 792 791 790
f 793 794 795 796
f 789 790 794 793
f 792 796 795 791
f 789 793 796 792
f 790 791 795 794
f 797 800 799 798
f 801 802 803 804
f 797 798 802 801
f 800 804 803 799
f 797 801 804 800
f 798 799 803 802
f 805 808 807 806
f 809 810 811 812
f 805 806 810 809
f 808 812 811 807
f 805 809 812 808
f 806 807 811 810
f 813 816 815 814
f 817 818 819 820
f 813 814 818 817
f 816 820 819 815
f 813 817 820 816
f 814 815 819 818
f 821 824 823 822
f 825 826 827 828
f 821 822 826 825
f 824 828 827 823
f 821 825 828 824
f 822 823 827 826
f 829 832 831 830
f 833 834 835 836
f 829 830 834 833
f 832 836 835 831
f 829 833 836 832
f 830 831 835 834

o EJE_METALICO_RUEDA_IZQ
usemtl metal_steel
v -43.0000 -76.0000 91.5000
v -43.7937 -76.0000 88.7968
v -45.9229 -76.0000 86.9518
v -48.7116 -76.0000 86.5509
v -51.2743 -76.0000 87.7213
v -52.7975 -76.0000 90.0913
v -52.7975 -76.0000 92.9087
v -51.2743 -76.0000 95.2787
v -48.7116 -76.0000 96.4491
v -45.9229 -76.0000 96.0482
v -43.7937 -76.0000 94.2032
v -43.0000 76.0000 91.5000
v -43.7937 76.0000 88.7968
v -45.9229 76.0000 86.9518
v -48.7116 76.0000 86.5509
v -51.2743 76.0000 87.7213
v -52.7975 76.0000 90.0913
v -52.7975 76.0000 92.9087
v -51.2743 76.0000 95.2787
v -48.7116 76.0000 96.4491
v -45.9229 76.0000 96.0482
v -43.7937 76.0000 94.2032
v -48.0000 -76.0000 91.5000
v -48.0000 76.0000 91.5000
v -44.2500 -82.0000 91.5000
v -45.6619 -82.0000 88.5681
v -48.8345 -82.0000 87.8440
v -51.3786 -82.0000 89.8729
v -51.3786 -82.0000 93.1271
v -48.8345 -82.0000 95.1560
v -45.6619 -82.0000 94.4319
v -44.2500 -76.0000 91.5000
v -45.6619 -76.0000 88.5681
v -48.8345 -76.0000 87.8440
v -51.3786 -76.0000 89.8729
v -51.3786 -76.0000 93.1271
v -48.8345 -76.0000 95.1560
v -45.6619 -76.0000 94.4319
v -48.0000 -82.0000 91.5000
v -48.0000 -76.0000 91.5000
v -44.2500 76.0000 91.5000
v -45.6619 76.0000 88.5681
v -48.8345 76.0000 87.8440
v -51.3786 76.0000 89.8729
v -51.3786 76.0000 93.1271
v -48.8345 76.0000 95.1560
v -45.6619 76.0000 94.4319
v -44.2500 82.0000 91.5000
v -45.6619 82.0000 88.5681
v -48.8345 82.0000 87.8440
v -51.3786 82.0000 89.8729
v -51.3786 82.0000 93.1271
v -48.8345 82.0000 95.1560
v -45.6619 82.0000 94.4319
v -48.0000 76.0000 91.5000
v -48.0000 82.0000 91.5000
f 837 838 849 848
f 838 839 850 849
f 839 840 851 850
f 840 841 852 851
f 841 842 853 852
f 842 843 854 853
f 843 844 855 854
f 844 845 856 855
f 845 846 857 856
f 846 847 858 857
f 847 837 848 858
f 859 838 837
f 860 848 849
f 859 839 838
f 860 849 850
f 859 840 839
f 860 850 851
f 859 841 840
f 860 851 852
f 859 842 841
f 860 852 853
f 859 843 842
f 860 853 854
f 859 844 843
f 860 854 855
f 859 845 844
f 860 855 856
f 859 846 845
f 860 856 857
f 859 847 846
f 860 857 858
f 859 837 847
f 860 858 848
f 861 862 869 868
f 862 863 870 869
f 863 864 871 870
f 864 865 872 871
f 865 866 873 872
f 866 867 874 873
f 867 861 868 874
f 875 862 861
f 876 868 869
f 875 863 862
f 876 869 870
f 875 864 863
f 876 870 871
f 875 865 864
f 876 871 872
f 875 866 865
f 876 872 873
f 875 867 866
f 876 873 874
f 875 861 867
f 876 874 868
f 877 878 885 884
f 878 879 886 885
f 879 880 887 886
f 880 881 888 887
f 881 882 889 888
f 882 883 890 889
f 883 877 884 890
f 891 878 877
f 892 884 885
f 891 879 878
f 892 885 886
f 891 880 879
f 892 886 887
f 891 881 880
f 892 887 888
f 891 882 881
f 892 888 889
f 891 883 882
f 892 889 890
f 891 877 883
f 892 890 884

o EJE_METALICO_RUEDA_DER
usemtl metal_steel
v 53.0000 -76.0000 91.5000
v 52.2063 -76.0000 88.7968
v 50.0771 -76.0000 86.9518
v 47.2884 -76.0000 86.5509
v 44.7257 -76.0000 87.7213
v 43.2025 -76.0000 90.0913
v 43.2025 -76.0000 92.9087
v 44.7257 -76.0000 95.2787
v 47.2884 -76.0000 96.4491
v 50.0771 -76.0000 96.0482
v 52.2063 -76.0000 94.2032
v 53.0000 76.0000 91.5000
v 52.2063 76.0000 88.7968
v 50.0771 76.0000 86.9518
v 47.2884 76.0000 86.5509
v 44.7257 76.0000 87.7213
v 43.2025 76.0000 90.0913
v 43.2025 76.0000 92.9087
v 44.7257 76.0000 95.2787
v 47.2884 76.0000 96.4491
v 50.0771 76.0000 96.0482
v 52.2063 76.0000 94.2032
v 48.0000 -76.0000 91.5000
v 48.0000 76.0000 91.5000
v 51.7500 -82.0000 91.5000
v 50.3381 -82.0000 88.5681
v 47.1655 -82.0000 87.8440
v 44.6214 -82.0000 89.8729
v 44.6214 -82.0000 93.1271
v 47.1655 -82.0000 95.1560
v 50.3381 -82.0000 94.4319
v 51.7500 -76.0000 91.5000
v 50.3381 -76.0000 88.5681
v 47.1655 -76.0000 87.8440
v 44.6214 -76.0000 89.8729
v 44.6214 -76.0000 93.1271
v 47.1655 -76.0000 95.1560
v 50.3381 -76.0000 94.4319
v 48.0000 -82.0000 91.5000
v 48.0000 -76.0000 91.5000
v 51.7500 76.0000 91.5000
v 50.3381 76.0000 88.5681
v 47.1655 76.0000 87.8440
v 44.6214 76.0000 89.8729
v 44.6214 76.0000 93.1271
v 47.1655 76.0000 95.1560
v 50.3381 76.0000 94.4319
v 51.7500 82.0000 91.5000
v 50.3381 82.0000 88.5681
v 47.1655 82.0000 87.8440
v 44.6214 82.0000 89.8729
v 44.6214 82.0000 93.1271
v 47.1655 82.0000 95.1560
v 50.3381 82.0000 94.4319
v 48.0000 76.0000 91.5000
v 48.0000 82.0000 91.5000
f 893 894 905 904
f 894 895 906 905
f 895 896 907 906
f 896 897 908 907
f 897 898 909 908
f 898 899 910 909
f 899 900 911 910
f 900 901 912 911
f 901 902 913 912
f 902 903 914 913
f 903 893 904 914
f 915 894 893
f 916 904 905
f 915 895 894
f 916 905 906
f 915 896 895
f 916 906 907
f 915 897 896
f 916 907 908
f 915 898 897
f 916 908 909
f 915 899 898
f 916 909 910
f 915 900 899
f 916 910 911
f 915 901 900
f 916 911 912
f 915 902 901
f 916 912 913
f 915 903 902
f 916 913 914
f 915 893 903
f 916 914 904
f 917 918 925 924
f 918 919 926 925
f 919 920 927 926
f 920 921 928 927
f 921 922 929 928
f 922 923 930 929
f 923 917 924 930
f 931 918 917
f 932 924 925
f 931 919 918
f 932 925 926
f 931 920 919
f 932 926 927
f 931 921 920
f 932 927 928
f 931 922 921
f 932 928 929
f 931 923 922
f 932 929 930
f 931 917 923
f 932 930 924
f 933 934 941 940
f 934 935 942 941
f 935 936 943 942
f 936 937 944 943
f 937 938 945 944
f 938 939 946 945
f 939 933 940 946
f 947 934 933
f 948 940 941
f 947 935 934
f 948 941 942
f 947 936 935
f 948 942 943
f 947 937 936
f 948 943 944
f 947 938 937
f 948 944 945
f 947 939 938
f 948 945 946
f 947 933 939
f 948 946 940

o EJE_ENGRANAJE_MEDIO_A
usemtl metal_steel
v 5.0000 10.0000 8.0000
v 4.2063 10.0000 5.2968
v 2.0771 10.0000 3.4518
v -0.7116 10.0000 3.0509
v -3.2743 10.0000 4.2213
v -4.7975 10.0000 6.5913
v -4.7975 10.0000 9.4087
v -3.2743 10.0000 11.7787
v -0.7116 10.0000 12.9491
v 2.0771 10.0000 12.5482
v 4.2063 10.0000 10.7032
v 5.0000 94.0000 8.0000
v 4.2063 94.0000 5.2968
v 2.0771 94.0000 3.4518
v -0.7116 94.0000 3.0509
v -3.2743 94.0000 4.2213
v -4.7975 94.0000 6.5913
v -4.7975 94.0000 9.4087
v -3.2743 94.0000 11.7787
v -0.7116 94.0000 12.9491
v 2.0771 94.0000 12.5482
v 4.2063 94.0000 10.7032
v 0.0000 10.0000 8.0000
v 0.0000 94.0000 8.0000
f 949 950 961 960
f 950 951 962 961
f 951 952 963 962
f 952 953 964 963
f 953 954 965 964
f 954 955 966 965
f 955 956 967 966
f 956 957 968 967
f 957 958 969 968
f 958 959 970 969
f 959 949 960 970
f 971 950 949
f 972 960 961
f 971 951 950
f 972 961 962
f 971 952 951
f 972 962 963
f 971 953 952
f 972 963 964
f 971 954 953
f 972 964 965
f 971 955 954
f 972 965 966
f 971 956 955
f 972 966 967
f 971 957 956
f 972 967 968
f 971 958 957
f 972 968 969
f 971 959 958
f 972 969 970
f 971 949 959
f 972 970 960

o EJE_ENGRANAJE_MEDIO_B
usemtl metal_steel
v 5.0000 -94.0000 8.0000
v 4.2063 -94.0000 5.2968
v 2.0771 -94.0000 3.4518
v -0.7116 -94.0000 3.0509
v -3.2743 -94.0000 4.2213
v -4.7975 -94.0000 6.5913
v -4.7975 -94.0000 9.4087
v -3.2743 -94.0000 11.7787
v -0.7116 -94.0000 12.9491
v 2.0771 -94.0000 12.5482
v 4.2063 -94.0000 10.7032
v 5.0000 -10.0000 8.0000
v 4.2063 -10.0000 5.2968
v 2.0771 -10.0000 3.4518
v -0.7116 -10.0000 3.0509
v -3.2743 -10.0000 4.2213
v -4.7975 -10.0000 6.5913
v -4.7975 -10.0000 9.4087
v -3.2743 -10.0000 11.7787
v -0.7116 -10.0000 12.9491
v 2.0771 -10.0000 12.5482
v 4.2063 -10.0000 10.7032
v 0.0000 -94.0000 8.0000
v 0.0000 -10.0000 8.0000
f 973 974 985 984
f 974 975 986 985
f 975 976 987 986
f 976 977 988 987
f 977 978 989 988
f 978 979 990 989
f 979 980 991 990
f 980 981 992 991
f 981 982 993 992
f 982 983 994 993
f 983 973 984 994
f 995 974 973
f 996 984 985
f 995 975 974
f 996 985 986
f 995 976 975
f 996 986 987
f 995 977 976
f 996 987 988
f 995 978 977
f 996 988 989
f 995 979 978
f 996 989 990
f 995 980 979
f 996 990 991
f 995 981 980
f 996 991 992
f 995 982 981
f 996 992 993
f 995 983 982
f 996 993 994
f 995 973 983
f 996 994 984

o BARRA_UNE_EJES_MEDIANOS
usemtl metal_steel
v 6.0000 -20.0000 8.0000
v 4.5963 -20.0000 4.1433
v 1.0419 -20.0000 2.0912
v -3.0000 -20.0000 2.8038
v -5.6382 -20.0000 5.9479
v -5.6382 -20.0000 10.0521
v -3.0000 -20.0000 13.1962
v 1.0419 -20.0000 13.9088
v 4.5963 -20.0000 11.8567
v 6.0000 20.0000 8.0000
v 4.5963 20.0000 4.1433
v 1.0419 20.0000 2.0912
v -3.0000 20.0000 2.8038
v -5.6382 20.0000 5.9479
v -5.6382 20.0000 10.0521
v -3.0000 20.0000 13.1962
v 1.0419 20.0000 13.9088
v 4.5963 20.0000 11.8567
v 0.0000 -20.0000 8.0000
v 0.0000 20.0000 8.0000
f 997 998 1007 1006
f 998 999 1008 1007
f 999 1000 1009 1008
f 1000 1001 1010 1009
f 1001 1002 1011 1010
f 1002 1003 1012 1011
f 1003 1004 1013 1012
f 1004 1005 1014 1013
f 1005 997 1006 1014
f 1015 998 997
f 1016 1006 1007
f 1015 999 998
f 1016 1007 1008
f 1015 1000 999
f 1016 1008 1009
f 1015 1001 1000
f 1016 1009 1010
f 1015 1002 1001
f 1016 1010 1011
f 1015 1003 1002
f 1016 1011 1012
f 1015 1004 1003
f 1016 1012 1013
f 1015 1005 1004
f 1016 1013 1014
f 1015 997 1005
f 1016 1014 1006

o SOPORTES_RODAMIENTO_RUEDA_IZQ
usemtl metal_dark
v -66.0000 -57.0000 76.5000
v -30.0000 -57.0000 76.5000
v -30.0000 -39.0000 76.5000
v -66.0000 -39.0000 76.5000
v -66.0000 -57.0000 106.5000
v -30.0000 -57.0000 106.5000
v -30.0000 -39.0000 106.5000
v -66.0000 -39.0000 106.5000
v -39.0000 -58.5000 91.5000
v -40.4287 -58.5000 86.6342
v -44.2613 -58.5000 83.3133
v -49.2808 -58.5000 82.5916
v -53.8937 -58.5000 84.6983
v -56.6354 -58.5000 88.9644
v -56.6354 -58.5000 94.0356
v -53.8937 -58.5000 98.3017
v -49.2808 -58.5000 100.4084
v -44.2613 -58.5000 99.6867
v -40.4287 -58.5000 96.3658
v -39.0000 -37.5000 91.5000
v -40.4287 -37.5000 86.6342
v -44.2613 -37.5000 83.3133
v -49.2808 -37.5000 82.5916
v -53.8937 -37.5000 84.6983
v -56.6354 -37.5000 88.9644
v -56.6354 -37.5000 94.0356
v -53.8937 -37.5000 98.3017
v -49.2808 -37.5000 100.4084
v -44.2613 -37.5000 99.6867
v -40.4287 -37.5000 96.3658
v -43.0000 -58.5000 91.5000
v -43.7937 -58.5000 88.7968
v -45.9229 -58.5000 86.9518
v -48.7116 -58.5000 86.5509
v -51.2743 -58.5000 87.7213
v -52.7975 -58.5000 90.0913
v -52.7975 -58.5000 92.9087
v -51.2743 -58.5000 95.2787
v -48.7116 -58.5000 96.4491
v -45.9229 -58.5000 96.0482
v -43.7937 -58.5000 94.2032
v -43.0000 -37.5000 91.5000
v -43.7937 -37.5000 88.7968
v -45.9229 -37.5000 86.9518
v -48.7116 -37.5000 86.5509
v -51.2743 -37.5000 87.7213
v -52.7975 -37.5000 90.0913
v -52.7975 -37.5000 92.9087
v -51.2743 -37.5000 95.2787
v -48.7116 -37.5000 96.4491
v -45.9229 -37.5000 96.0482
v -43.7937 -37.5000 94.2032
v -34.5000 -48.0000 91.5000
v -37.0000 -45.5000 91.5000
v -39.5000 -48.0000 91.5000
v -37.0000 -50.5000 91.5000
v -36.6431 -48.0000 84.2013
v -38.7462 -45.5000 85.5530
v -40.8493 -48.0000 86.9046
v -38.7462 -50.5000 85.5530
v -42.3919 -48.0000 79.2200
v -43.4304 -45.5000 81.4940
v -44.4690 -48.0000 83.7681
v -43.4304 -50.5000 81.4940
v -49.9213 -48.0000 78.1374
v -49.5655 -45.5000 80.6120
v -49.2097 -48.0000 83.0865
v -49.5655 -50.5000 80.6120
v -56.8406 -48.0000 81.2974
v -55.2035 -45.5000 83.1868
v -53.5663 -48.0000 85.0761
v -55.2035 -50.5000 83.1868
v -60.9532 -48.0000 87.6966
v -58.5544 -45.5000 88.4009
v -56.1557 -48.0000 89.1053
v -58.5544 -50.5000 88.4009
v -60.9532 -48.0000 95.3034
v -58.5544 -45.5000 94.5991
v -56.1557 -48.0000 93.8947
v -58.5544 -50.5000 94.5991
v -56.8406 -48.0000 101.7026
v -55.2035 -45.5000 99.8132
v -53.5663 -48.0000 97.9239
v -55.2035 -50.5000 99.8132
v -49.9213 -48.0000 104.8626
v -49.5655 -45.5000 102.3880
v -49.2097 -48.0000 99.9135
v -49.5655 -50.5000 102.3880
v -42.3919 -48.0000 103.7800
v -43.4304 -45.5000 101.5060
v -44.4690 -48.0000 99.2319
v -43.4304 -50.5000 101.5060
v -36.6431 -48.0000 98.7987
v -38.7462 -45.5000 97.4470
v -40.8493 -48.0000 96.0954
v -38.7462 -50.5000 97.4470
v -66.0000 39.0000 76.5000
v -30.0000 39.0000 76.5000
v -30.0000 57.0000 76.5000
v -66.0000 57.0000 76.5000
v -66.0000 39.0000 106.5000
v -30.0000 39.0000 106.5000
v -30.0000 57.0000 106.5000
v -66.0000 57.0000 106.5000
v -39.0000 37.5000 91.5000
v -40.4287 37.5000 86.6342
v -44.2613 37.5000 83.3133
v -49.2808 37.5000 82.5916
v -53.8937 37.5000 84.6983
v -56.6354 37.5000 88.9644
v -56.6354 37.5000 94.0356
v -53.8937 37.5000 98.3017
v -49.2808 37.5000 100.4084
v -44.2613 37.5000 99.6867
v -40.4287 37.5000 96.3658
v -39.0000 58.5000 91.5000
v -40.4287 58.5000 86.6342
v -44.2613 58.5000 83.3133
v -49.2808 58.5000 82.5916
v -53.8937 58.5000 84.6983
v -56.6354 58.5000 88.9644
v -56.6354 58.5000 94.0356
v -53.8937 58.5000 98.3017
v -49.2808 58.5000 100.4084
v -44.2613 58.5000 99.6867
v -40.4287 58.5000 96.3658
v -43.0000 37.5000 91.5000
v -43.7937 37.5000 88.7968
v -45.9229 37.5000 86.9518
v -48.7116 37.5000 86.5509
v -51.2743 37.5000 87.7213
v -52.7975 37.5000 90.0913
v -52.7975 37.5000 92.9087
v -51.2743 37.5000 95.2787
v -48.7116 37.5000 96.4491
v -45.9229 37.5000 96.0482
v -43.7937 37.5000 94.2032
v -43.0000 58.5000 91.5000
v -43.7937 58.5000 88.7968
v -45.9229 58.5000 86.9518
v -48.7116 58.5000 86.5509
v -51.2743 58.5000 87.7213
v -52.7975 58.5000 90.0913
v -52.7975 58.5000 92.9087
v -51.2743 58.5000 95.2787
v -48.7116 58.5000 96.4491
v -45.9229 58.5000 96.0482
v -43.7937 58.5000 94.2032
v -34.5000 48.0000 91.5000
v -37.0000 50.5000 91.5000
v -39.5000 48.0000 91.5000
v -37.0000 45.5000 91.5000
v -36.6431 48.0000 84.2013
v -38.7462 50.5000 85.5530
v -40.8493 48.0000 86.9046
v -38.7462 45.5000 85.5530
v -42.3919 48.0000 79.2200
v -43.4304 50.5000 81.4940
v -44.4690 48.0000 83.7681
v -43.4304 45.5000 81.4940
v -49.9213 48.0000 78.1374
v -49.5655 50.5000 80.6120
v -49.2097 48.0000 83.0865
v -49.5655 45.5000 80.6120
v -56.8406 48.0000 81.2974
v -55.2035 50.5000 83.1868
v -53.5663 48.0000 85.0761
v -55.2035 45.5000 83.1868
v -60.9532 48.0000 87.6966
v -58.5544 50.5000 88.4009
v -56.1557 48.0000 89.1053
v -58.5544 45.5000 88.4009
v -60.9532 48.0000 95.3034
v -58.5544 50.5000 94.5991
v -56.1557 48.0000 93.8947
v -58.5544 45.5000 94.5991
v -56.8406 48.0000 101.7026
v -55.2035 50.5000 99.8132
v -53.5663 48.0000 97.9239
v -55.2035 45.5000 99.8132
v -49.9213 48.0000 104.8626
v -49.5655 50.5000 102.3880
v -49.2097 48.0000 99.9135
v -49.5655 45.5000 102.3880
v -42.3919 48.0000 103.7800
v -43.4304 50.5000 101.5060
v -44.4690 48.0000 99.2319
v -43.4304 45.5000 101.5060
v -36.6431 48.0000 98.7987
v -38.7462 50.5000 97.4470
v -40.8493 48.0000 96.0954
v -38.7462 45.5000 97.4470
f 1017 1020 1019 1018
f 1021 1022 1023 1024
f 1017 1018 1022 1021
f 1020 1024 1023 1019
f 1017 1021 1024 1020
f 1018 1019 1023 1022
f 1025 1026 1037 1036
f 1026 1027 1038 1037
f 1027 1028 1039 1038
f 1028 1029 1040 1039
f 1029 1030 1041 1040
f 1030 1031 1042 1041
f 1031 1032 1043 1042
f 1032 1033 1044 1043
f 1033 1034 1045 1044
f 1034 1035 1046 1045
f 1035 1025 1036 1046
f 1047 1058 1059 1048
f 1048 1059 1060 1049
f 1049 1060 1061 1050
f 1050 1061 1062 1051
f 1051 1062 1063 1052
f 1052 1063 1064 1053
f 1053 1064 1065 1054
f 1054 1065 1066 1055
f 1055 1066 1067 1056
f 1056 1067 1068 1057
f 1057 1068 1058 1047
f 1036 1037 1059 1058
f 1025 1047 1048 1026
f 1037 1038 1060 1059
f 1026 1048 1049 1027
f 1038 1039 1061 1060
f 1027 1049 1050 1028
f 1039 1040 1062 1061
f 1028 1050 1051 1029
f 1040 1041 1063 1062
f 1029 1051 1052 1030
f 1041 1042 1064 1063
f 1030 1052 1053 1031
f 1042 1043 1065 1064
f 1031 1053 1054 1032
f 1043 1044 1066 1065
f 1032 1054 1055 1033
f 1044 1045 1067 1066
f 1033 1055 1056 1034
f 1045 1046 1068 1067
f 1034 1056 1057 1035
f 1046 1036 1058 1068
f 1035 1057 1047 1025
f 1069 1073 1074 1070
f 1070 1074 1075 1071
f 1071 1075 1076 1072
f 1072 1076 1073 1069
f 1073 1077 1078 1074
f 1074 1078 1079 1075
f 1075 1079 1080 1076
f 1076 1080 1077 1073
f 1077 1081 1082 1078
f 1078 1082 1083 1079
f 1079 1083 1084 1080
f 1080 1084 1081 1077
f 1081 1085 1086 1082
f 1082 1086 1087 1083
f 1083 1087 1088 1084
f 1084 1088 1085 1081
f 1085 1089 1090 1086
f 1086 1090 1091 1087
f 1087 1091 1092 1088
f 1088 1092 1089 1085
f 1089 1093 1094 1090
f 1090 1094 1095 1091
f 1091 1095 1096 1092
f 1092 1096 1093 1089
f 1093 1097 1098 1094
f 1094 1098 1099 1095
f 1095 1099 1100 1096
f 1096 1100 1097 1093
f 1097 1101 1102 1098
f 1098 1102 1103 1099
f 1099 1103 1104 1100
f 1100 1104 1101 1097
f 1101 1105 1106 1102
f 1102 1106 1107 1103
f 1103 1107 1108 1104
f 1104 1108 1105 1101
f 1105 1109 1110 1106
f 1106 1110 1111 1107
f 1107 1111 1112 1108
f 1108 1112 1109 1105
f 1109 1069 1070 1110
f 1110 1070 1071 1111
f 1111 1071 1072 1112
f 1112 1072 1069 1109
f 1113 1116 1115 1114
f 1117 1118 1119 1120
f 1113 1114 1118 1117
f 1116 1120 1119 1115
f 1113 1117 1120 1116
f 1114 1115 1119 1118
f 1121 1122 1133 1132
f 1122 1123 1134 1133
f 1123 1124 1135 1134
f 1124 1125 1136 1135
f 1125 1126 1137 1136
f 1126 1127 1138 1137
f 1127 1128 1139 1138
f 1128 1129 1140 1139
f 1129 1130 1141 1140
f 1130 1131 1142 1141
f 1131 1121 1132 1142
f 1143 1154 1155 1144
f 1144 1155 1156 1145
f 1145 1156 1157 1146
f 1146 1157 1158 1147
f 1147 1158 1159 1148
f 1148 1159 1160 1149
f 1149 1160 1161 1150
f 1150 1161 1162 1151
f 1151 1162 1163 1152
f 1152 1163 1164 1153
f 1153 1164 1154 1143
f 1132 1133 1155 1154
f 1121 1143 1144 1122
f 1133 1134 1156 1155
f 1122 1144 1145 1123
f 1134 1135 1157 1156
f 1123 1145 1146 1124
f 1135 1136 1158 1157
f 1124 1146 1147 1125
f 1136 1137 1159 1158
f 1125 1147 1148 1126
f 1137 1138 1160 1159
f 1126 1148 1149 1127
f 1138 1139 1161 1160
f 1127 1149 1150 1128
f 1139 1140 1162 1161
f 1128 1150 1151 1129
f 1140 1141 1163 1162
f 1129 1151 1152 1130
f 1141 1142 1164 1163
f 1130 1152 1153 1131
f 1142 1132 1154 1164
f 1131 1153 1143 1121
f 1165 1169 1170 1166
f 1166 1170 1171 1167
f 1167 1171 1172 1168
f 1168 1172 1169 1165
f 1169 1173 1174 1170
f 1170 1174 1175 1171
f 1171 1175 1176 1172
f 1172 1176 1173 1169
f 1173 1177 1178 1174
f 1174 1178 1179 1175
f 1175 1179 1180 1176
f 1176 1180 1177 1173
f 1177 1181 1182 1178
f 1178 1182 1183 1179
f 1179 1183 1184 1180
f 1180 1184 1181 1177
f 1181 1185 1186 1182
f 1182 1186 1187 1183
f 1183 1187 1188 1184
f 1184 1188 1185 1181
f 1185 1189 1190 1186
f 1186 1190 1191 1187
f 1187 1191 1192 1188
f 1188 1192 1189 1185
f 1189 1193 1194 1190
f 1190 1194 1195 1191
f 1191 1195 1196 1192
f 1192 1196 1193 1189
f 1193 1197 1198 1194
f 1194 1198 1199 1195
f 1195 1199 1200 1196
f 1196 1200 1197 1193
f 1197 1201 1202 1198
f 1198 1202 1203 1199
f 1199 1203 1204 1200
f 1200 1204 1201 1197
f 1201 1205 1206 1202
f 1202 1206 1207 1203
f 1203 1207 1208 1204
f 1204 1208 1205 1201
f 1205 1165 1166 1206
f 1206 1166 1167 1207
f 1207 1167 1168 1208
f 1208 1168 1165 1205

o SOPORTES_RODAMIENTO_RUEDA_DER
usemtl metal_dark
v 30.0000 -57.0000 76.5000
v 66.0000 -57.0000 76.5000
v 66.0000 -39.0000 76.5000
v 30.0000 -39.0000 76.5000
v 30.0000 -57.0000 106.5000
v 66.0000 -57.0000 106.5000
v 66.0000 -39.0000 106.5000
v 30.0000 -39.0000 106.5000
v 57.0000 -58.5000 91.5000
v 55.5713 -58.5000 86.6342
v 51.7387 -58.5000 83.3133
v 46.7192 -58.5000 82.5916
v 42.1063 -58.5000 84.6983
v 39.3646 -58.5000 88.9644
v 39.3646 -58.5000 94.0356
v 42.1063 -58.5000 98.3017
v 46.7192 -58.5000 100.4084
v 51.7387 -58.5000 99.6867
v 55.5713 -58.5000 96.3658
v 57.0000 -37.5000 91.5000
v 55.5713 -37.5000 86.6342
v 51.7387 -37.5000 83.3133
v 46.7192 -37.5000 82.5916
v 42.1063 -37.5000 84.6983
v 39.3646 -37.5000 88.9644
v 39.3646 -37.5000 94.0356
v 42.1063 -37.5000 98.3017
v 46.7192 -37.5000 100.4084
v 51.7387 -37.5000 99.6867
v 55.5713 -37.5000 96.3658
v 53.0000 -58.5000 91.5000
v 52.2063 -58.5000 88.7968
v 50.0771 -58.5000 86.9518
v 47.2884 -58.5000 86.5509
v 44.7257 -58.5000 87.7213
v 43.2025 -58.5000 90.0913
v 43.2025 -58.5000 92.9087
v 44.7257 -58.5000 95.2787
v 47.2884 -58.5000 96.4491
v 50.0771 -58.5000 96.0482
v 52.2063 -58.5000 94.2032
v 53.0000 -37.5000 91.5000
v 52.2063 -37.5000 88.7968
v 50.0771 -37.5000 86.9518
v 47.2884 -37.5000 86.5509
v 44.7257 -37.5000 87.7213
v 43.2025 -37.5000 90.0913
v 43.2025 -37.5000 92.9087
v 44.7257 -37.5000 95.2787
v 47.2884 -37.5000 96.4491
v 50.0771 -37.5000 96.0482
v 52.2063 -37.5000 94.2032
v 61.5000 -48.0000 91.5000
v 59.0000 -45.5000 91.5000
v 56.5000 -48.0000 91.5000
v 59.0000 -50.5000 91.5000
v 59.3569 -48.0000 84.2013
v 57.2538 -45.5000 85.5530
v 55.1507 -48.0000 86.9046
v 57.2538 -50.5000 85.5530
v 53.6081 -48.0000 79.2200
v 52.5696 -45.5000 81.4940
v 51.5310 -48.0000 83.7681
v 52.5696 -50.5000 81.4940
v 46.0787 -48.0000 78.1374
v 46.4345 -45.5000 80.6120
v 46.7903 -48.0000 83.0865
v 46.4345 -50.5000 80.6120
v 39.1594 -48.0000 81.2974
v 40.7965 -45.5000 83.1868
v 42.4337 -48.0000 85.0761
v 40.7965 -50.5000 83.1868
v 35.0468 -48.0000 87.6966
v 37.4456 -45.5000 88.4009
v 39.8443 -48.0000 89.1053
v 37.4456 -50.5000 88.4009
v 35.0468 -48.0000 95.3034
v 37.4456 -45.5000 94.5991
v 39.8443 -48.0000 93.8947
v 37.4456 -50.5000 94.5991
v 39.1594 -48.0000 101.7026
v 40.7965 -45.5000 99.8132
v 42.4337 -48.0000 97.9239
v 40.7965 -50.5000 99.8132
v 46.0787 -48.0000 104.8626
v 46.4345 -45.5000 102.3880
v 46.7903 -48.0000 99.9135
v 46.4345 -50.5000 102.3880
v 53.6081 -48.0000 103.7800
v 52.5696 -45.5000 101.5060
v 51.5310 -48.0000 99.2319
v 52.5696 -50.5000 101.5060
v 59.3569 -48.0000 98.7987
v 57.2538 -45.5000 97.4470
v 55.1507 -48.0000 96.0954
v 57.2538 -50.5000 97.4470
v 30.0000 39.0000 76.5000
v 66.0000 39.0000 76.5000
v 66.0000 57.0000 76.5000
v 30.0000 57.0000 76.5000
v 30.0000 39.0000 106.5000
v 66.0000 39.0000 106.5000
v 66.0000 57.0000 106.5000
v 30.0000 57.0000 106.5000
v 57.0000 37.5000 91.5000
v 55.5713 37.5000 86.6342
v 51.7387 37.5000 83.3133
v 46.7192 37.5000 82.5916
v 42.1063 37.5000 84.6983
v 39.3646 37.5000 88.9644
v 39.3646 37.5000 94.0356
v 42.1063 37.5000 98.3017
v 46.7192 37.5000 100.4084
v 51.7387 37.5000 99.6867
v 55.5713 37.5000 96.3658
v 57.0000 58.5000 91.5000
v 55.5713 58.5000 86.6342
v 51.7387 58.5000 83.3133
v 46.7192 58.5000 82.5916
v 42.1063 58.5000 84.6983
v 39.3646 58.5000 88.9644
v 39.3646 58.5000 94.0356
v 42.1063 58.5000 98.3017
v 46.7192 58.5000 100.4084
v 51.7387 58.5000 99.6867
v 55.5713 58.5000 96.3658
v 53.0000 37.5000 91.5000
v 52.2063 37.5000 88.7968
v 50.0771 37.5000 86.9518
v 47.2884 37.5000 86.5509
v 44.7257 37.5000 87.7213
v 43.2025 37.5000 90.0913
v 43.2025 37.5000 92.9087
v 44.7257 37.5000 95.2787
v 47.2884 37.5000 96.4491
v 50.0771 37.5000 96.0482
v 52.2063 37.5000 94.2032
v 53.0000 58.5000 91.5000
v 52.2063 58.5000 88.7968
v 50.0771 58.5000 86.9518
v 47.2884 58.5000 86.5509
v 44.7257 58.5000 87.7213
v 43.2025 58.5000 90.0913
v 43.2025 58.5000 92.9087
v 44.7257 58.5000 95.2787
v 47.2884 58.5000 96.4491
v 50.0771 58.5000 96.0482
v 52.2063 58.5000 94.2032
v 61.5000 48.0000 91.5000
v 59.0000 50.5000 91.5000
v 56.5000 48.0000 91.5000
v 59.0000 45.5000 91.5000
v 59.3569 48.0000 84.2013
v 57.2538 50.5000 85.5530
v 55.1507 48.0000 86.9046
v 57.2538 45.5000 85.5530
v 53.6081 48.0000 79.2200
v 52.5696 50.5000 81.4940
v 51.5310 48.0000 83.7681
v 52.5696 45.5000 81.4940
v 46.0787 48.0000 78.1374
v 46.4345 50.5000 80.6120
v 46.7903 48.0000 83.0865
v 46.4345 45.5000 80.6120
v 39.1594 48.0000 81.2974
v 40.7965 50.5000 83.1868
v 42.4337 48.0000 85.0761
v 40.7965 45.5000 83.1868
v 35.0468 48.0000 87.6966
v 37.4456 50.5000 88.4009
v 39.8443 48.0000 89.1053
v 37.4456 45.5000 88.4009
v 35.0468 48.0000 95.3034
v 37.4456 50.5000 94.5991
v 39.8443 48.0000 93.8947
v 37.4456 45.5000 94.5991
v 39.1594 48.0000 101.7026
v 40.7965 50.5000 99.8132
v 42.4337 48.0000 97.9239
v 40.7965 45.5000 99.8132
v 46.0787 48.0000 104.8626
v 46.4345 50.5000 102.3880
v 46.7903 48.0000 99.9135
v 46.4345 45.5000 102.3880
v 53.6081 48.0000 103.7800
v 52.5696 50.5000 101.5060
v 51.5310 48.0000 99.2319
v 52.5696 45.5000 101.5060
v 59.3569 48.0000 98.7987
v 57.2538 50.5000 97.4470
v 55.1507 48.0000 96.0954
v 57.2538 45.5000 97.4470
f 1209 1212 1211 1210
f 1213 1214 1215 1216
f 1209 1210 1214 1213
f 1212 1216 1215 1211
f 1209 1213 1216 1212
f 1210 1211 1215 1214
f 1217 1218 1229 1228
f 1218 1219 1230 1229
f 1219 1220 1231 1230
f 1220 1221 1232 1231
f 1221 1222 1233 1232
f 1222 1223 1234 1233
f 1223 1224 1235 1234
f 1224 1225 1236 1235
f 1225 1226 1237 1236
f 1226 1227 1238 1237
f 1227 1217 1228 1238
f 1239 1250 1251 1240
f 1240 1251 1252 1241
f 1241 1252 1253 1242
f 1242 1253 1254 1243
f 1243 1254 1255 1244
f 1244 1255 1256 1245
f 1245 1256 1257 1246
f 1246 1257 1258 1247
f 1247 1258 1259 1248
f 1248 1259 1260 1249
f 1249 1260 1250 1239
f 1228 1229 1251 1250
f 1217 1239 1240 1218
f 1229 1230 1252 1251
f 1218 1240 1241 1219
f 1230 1231 1253 1252
f 1219 1241 1242 1220
f 1231 1232 1254 1253
f 1220 1242 1243 1221
f 1232 1233 1255 1254
f 1221 1243 1244 1222
f 1233 1234 1256 1255
f 1222 1244 1245 1223
f 1234 1235 1257 1256
f 1223 1245 1246 1224
f 1235 1236 1258 1257
f 1224 1246 1247 1225
f 1236 1237 1259 1258
f 1225 1247 1248 1226
f 1237 1238 1260 1259
f 1226 1248 1249 1227
f 1238 1228 1250 1260
f 1227 1249 1239 1217
f 1261 1265 1266 1262
f 1262 1266 1267 1263
f 1263 1267 1268 1264
f 1264 1268 1265 1261
f 1265 1269 1270 1266
f 1266 1270 1271 1267
f 1267 1271 1272 1268
f 1268 1272 1269 1265
f 1269 1273 1274 1270
f 1270 1274 1275 1271
f 1271 1275 1276 1272
f 1272 1276 1273 1269
f 1273 1277 1278 1274
f 1274 1278 1279 1275
f 1275 1279 1280 1276
f 1276 1280 1277 1273
f 1277 1281 1282 1278
f 1278 1282 1283 1279
f 1279 1283 1284 1280
f 1280 1284 1281 1277
f 1281 1285 1286 1282
f 1282 1286 1287 1283
f 1283 1287 1288 1284
f 1284 1288 1285 1281
f 1285 1289 1290 1286
f 1286 1290 1291 1287
f 1287 1291 1292 1288
f 1288 1292 1289 1285
f 1289 1293 1294 1290
f 1290 1294 1295 1291
f 1291 1295 1296 1292
f 1292 1296 1293 1289
f 1293 1297 1298 1294
f 1294 1298 1299 1295
f 1295 1299 1300 1296
f 1296 1300 1297 1293
f 1297 1301 1302 1298
f 1298 1302 1303 1299
f 1299 1303 1304 1300
f 1300 1304 1301 1297
f 1301 1261 1262 1302
f 1302 1262 1263 1303
f 1303 1263 1264 1304
f 1304 1264 1261 1301
f 1305 1308 1307 1306
f 1309 1310 1311 1312
f 1305 1306 1310 1309
f 1308 1312 1311 1307
f 1305 1309 1312 1308
f 1306 1307 1311 1310
f 1313 1314 1325 1324
f 1314 1315 1326 1325
f 1315 1316 1327 1326
f 1316 1317 1328 1327
f 1317 1318 1329 1328
f 1318 1319 1330 1329
f 1319 1320 1331 1330
f 1320 1321 1332 1331
f 1321 1322 1333 1332
f 1322 1323 1334 1333
f 1323 1313 1324 1334
f 1335 1346 1347 1336
f 1336 1347 1348 1337
f 1337 1348 1349 1338
f 1338 1349 1350 1339
f 1339 1350 1351 1340
f 1340 1351 1352 1341
f 1341 1352 1353 1342
f 1342 1353 1354 1343
f 1343 1354 1355 1344
f 1344 1355 1356 1345
f 1345 1356 1346 1335
f 1324 1325 1347 1346
f 1313 1335 1336 1314
f 1325 1326 1348 1347
f 1314 1336 1337 1315
f 1326 1327 1349 1348
f 1315 1337 1338 1316
f 1327 1328 1350 1349
f 1316 1338 1339 1317
f 1328 1329 1351 1350
f 1317 1339 1340 1318
f 1329 1330 1352 1351
f 1318 1340 1341 1319
f 1330 1331 1353 1352
f 1319 1341 1342 1320
f 1331 1332 1354 1353
f 1320 1342 1343 1321
f 1332 1333 1355 1354
f 1321 1343 1344 1322
f 1333 1334 1356 1355
f 1322 1344 1345 1323
f 1334 1324 1346 1356
f 1323 1345 1335 1313
f 1357 1361 1362 1358
f 1358 1362 1363 1359
f 1359 1363 1364 1360
f 1360 1364 1361 1357
f 1361 1365 1366 1362
f 1362 1366 1367 1363
f 1363 1367 1368 1364
f 1364 1368 1365 1361
f 1365 1369 1370 1366
f 1366 1370 1371 1367
f 1367 1371 1372 1368
f 1368 1372 1369 1365
f 1369 1373 1374 1370
f 1370 1374 1375 1371
f 1371 1375 1376 1372
f 1372 1376 1373 1369
f 1373 1377 1378 1374
f 1374 1378 1379 1375
f 1375 1379 1380 1376
f 1376 1380 1377 1373
f 1377 1381 1382 1378
f 1378 1382 1383 1379
f 1379 1383 1384 1380
f 1380 1384 1381 1377
f 1381 1385 1386 1382
f 1382 1386 1387 1383
f 1383 1387 1388 1384
f 1384 1388 1385 1381
f 1385 1389 1390 1386
f 1386 1390 1391 1387
f 1387 1391 1392 1388
f 1388 1392 1389 1385
f 1389 1393 1394 1390
f 1390 1394 1395 1391
f 1391 1395 1396 1392
f 1392 1396 1393 1389
f 1393 1397 1398 1394
f 1394 1398 1399 1395
f 1395 1399 1400 1396
f 1396 1400 1397 1393
f 1397 1357 1358 1398
f 1398 1358 1359 1399
f 1399 1359 1360 1400
f 1400 1360 1357 1397

o SOPORTES_RODAMIENTO_ENGRANAJES_MEDIOS
usemtl metal_dark
v -15.0000 -57.0000 -5.0000
v 15.0000 -57.0000 -5.0000
v 15.0000 -39.0000 -5.0000
v -15.0000 -39.0000 -5.0000
v -15.0000 -57.0000 21.0000
v 15.0000 -57.0000 21.0000
v 15.0000 -39.0000 21.0000
v -15.0000 -39.0000 21.0000
v 9.0000 -58.5000 8.0000
v 7.5713 -58.5000 3.1342
v 3.7387 -58.5000 -0.1867
v -1.2808 -58.5000 -0.9084
v -5.8937 -58.5000 1.1983
v -8.6354 -58.5000 5.4644
v -8.6354 -58.5000 10.5356
v -5.8937 -58.5000 14.8017
v -1.2808 -58.5000 16.9084
v 3.7387 -58.5000 16.1867
v 7.5713 -58.5000 12.8658
v 9.0000 -37.5000 8.0000
v 7.5713 -37.5000 3.1342
v 3.7387 -37.5000 -0.1867
v -1.2808 -37.5000 -0.9084
v -5.8937 -37.5000 1.1983
v -8.6354 -37.5000 5.4644
v -8.6354 -37.5000 10.5356
v -5.8937 -37.5000 14.8017
v -1.2808 -37.5000 16.9084
v 3.7387 -37.5000 16.1867
v 7.5713 -37.5000 12.8658
v 5.0000 -58.5000 8.0000
v 4.2063 -58.5000 5.2968
v 2.0771 -58.5000 3.4518
v -0.7116 -58.5000 3.0509
v -3.2743 -58.5000 4.2213
v -4.7975 -58.5000 6.5913
v -4.7975 -58.5000 9.4087
v -3.2743 -58.5000 11.7787
v -0.7116 -58.5000 12.9491
v 2.0771 -58.5000 12.5482
v 4.2063 -58.5000 10.7032
v 5.0000 -37.5000 8.0000
v 4.2063 -37.5000 5.2968
v 2.0771 -37.5000 3.4518
v -0.7116 -37.5000 3.0509
v -3.2743 -37.5000 4.2213
v -4.7975 -37.5000 6.5913
v -4.7975 -37.5000 9.4087
v -3.2743 -37.5000 11.7787
v -0.7116 -37.5000 12.9491
v 2.0771 -37.5000 12.5482
v 4.2063 -37.5000 10.7032
v 13.5000 -48.0000 8.0000
v 11.0000 -45.5000 8.0000
v 8.5000 -48.0000 8.0000
v 11.0000 -50.5000 8.0000
v 11.3569 -48.0000 0.7013
v 9.2538 -45.5000 2.0530
v 7.1507 -48.0000 3.4046
v 9.2538 -50.5000 2.0530
v 5.6081 -48.0000 -4.2800
v 4.5696 -45.5000 -2.0060
v 3.5310 -48.0000 0.2681
v 4.5696 -50.5000 -2.0060
v -1.9213 -48.0000 -5.3626
v -1.5655 -45.5000 -2.8880
v -1.2097 -48.0000 -0.4135
v -1.5655 -50.5000 -2.8880
v -8.8406 -48.0000 -2.2026
v -7.2035 -45.5000 -0.3132
v -5.5663 -48.0000 1.5761
v -7.2035 -50.5000 -0.3132
v -12.9532 -48.0000 4.1966
v -10.5544 -45.5000 4.9009
v -8.1557 -48.0000 5.6053
v -10.5544 -50.5000 4.9009
v -12.9532 -48.0000 11.8034
v -10.5544 -45.5000 11.0991
v -8.1557 -48.0000 10.3947
v -10.5544 -50.5000 11.0991
v -8.8406 -48.0000 18.2026
v -7.2035 -45.5000 16.3132
v -5.5663 -48.0000 14.4239
v -7.2035 -50.5000 16.3132
v -1.9213 -48.0000 21.3626
v -1.5655 -45.5000 18.8880
v -1.2097 -48.0000 16.4135
v -1.5655 -50.5000 18.8880
v 5.6081 -48.0000 20.2800
v 4.5696 -45.5000 18.0060
v 3.5310 -48.0000 15.7319
v 4.5696 -50.5000 18.0060
v 11.3569 -48.0000 15.2987
v 9.2538 -45.5000 13.9470
v 7.1507 -48.0000 12.5954
v 9.2538 -50.5000 13.9470
v -12.0000 -49.0000 -5.0000
v 12.0000 -49.0000 -5.0000
v 12.0000 -33.0000 -5.0000
v -12.0000 -33.0000 -5.0000
v -12.0000 -49.0000 21.0000
v 12.0000 -49.0000 21.0000
v 12.0000 -33.0000 21.0000
v -12.0000 -33.0000 21.0000
v -15.0000 39.0000 -5.0000
v 15.0000 39.0000 -5.0000
v 15.0000 57.0000 -5.0000
v -15.0000 57.0000 -5.0000
v -15.0000 39.0000 21.0000
v 15.0000 39.0000 21.0000
v 15.0000 57.0000 21.0000
v -15.0000 57.0000 21.0000
v 9.0000 37.5000 8.0000
v 7.5713 37.5000 3.1342
v 3.7387 37.5000 -0.1867
v -1.2808 37.5000 -0.9084
v -5.8937 37.5000 1.1983
v -8.6354 37.5000 5.4644
v -8.6354 37.5000 10.5356
v -5.8937 37.5000 14.8017
v -1.2808 37.5000 16.9084
v 3.7387 37.5000 16.1867
v 7.5713 37.5000 12.8658
v 9.0000 58.5000 8.0000
v 7.5713 58.5000 3.1342
v 3.7387 58.5000 -0.1867
v -1.2808 58.5000 -0.9084
v -5.8937 58.5000 1.1983
v -8.6354 58.5000 5.4644
v -8.6354 58.5000 10.5356
v -5.8937 58.5000 14.8017
v -1.2808 58.5000 16.9084
v 3.7387 58.5000 16.1867
v 7.5713 58.5000 12.8658
v 5.0000 37.5000 8.0000
v 4.2063 37.5000 5.2968
v 2.0771 37.5000 3.4518
v -0.7116 37.5000 3.0509
v -3.2743 37.5000 4.2213
v -4.7975 37.5000 6.5913
v -4.7975 37.5000 9.4087
v -3.2743 37.5000 11.7787
v -0.7116 37.5000 12.9491
v 2.0771 37.5000 12.5482
v 4.2063 37.5000 10.7032
v 5.0000 58.5000 8.0000
v 4.2063 58.5000 5.2968
v 2.0771 58.5000 3.4518
v -0.7116 58.5000 3.0509
v -3.2743 58.5000 4.2213
v -4.7975 58.5000 6.5913
v -4.7975 58.5000 9.4087
v -3.2743 58.5000 11.7787
v -0.7116 58.5000 12.9491
v 2.0771 58.5000 12.5482
v 4.2063 58.5000 10.7032
v 13.5000 48.0000 8.0000
v 11.0000 50.5000 8.0000
v 8.5000 48.0000 8.0000
v 11.0000 45.5000 8.0000
v 11.3569 48.0000 0.7013
v 9.2538 50.5000 2.0530
v 7.1507 48.0000 3.4046
v 9.2538 45.5000 2.0530
v 5.6081 48.0000 -4.2800
v 4.5696 50.5000 -2.0060
v 3.5310 48.0000 0.2681
v 4.5696 45.5000 -2.0060
v -1.9213 48.0000 -5.3626
v -1.5655 50.5000 -2.8880
v -1.2097 48.0000 -0.4135
v -1.5655 45.5000 -2.8880
v -8.8406 48.0000 -2.2026
v -7.2035 50.5000 -0.3132
v -5.5663 48.0000 1.5761
v -7.2035 45.5000 -0.3132
v -12.9532 48.0000 4.1966
v -10.5544 50.5000 4.9009
v -8.1557 48.0000 5.6053
v -10.5544 45.5000 4.9009
v -12.9532 48.0000 11.8034
v -10.5544 50.5000 11.0991
v -8.1557 48.0000 10.3947
v -10.5544 45.5000 11.0991
v -8.8406 48.0000 18.2026
v -7.2035 50.5000 16.3132
v -5.5663 48.0000 14.4239
v -7.2035 45.5000 16.3132
v -1.9213 48.0000 21.3626
v -1.5655 50.5000 18.8880
v -1.2097 48.0000 16.4135
v -1.5655 45.5000 18.8880
v 5.6081 48.0000 20.2800
v 4.5696 50.5000 18.0060
v 3.5310 48.0000 15.7319
v 4.5696 45.5000 18.0060
v 11.3569 48.0000 15.2987
v 9.2538 50.5000 13.9470
v 7.1507 48.0000 12.5954
v 9.2538 45.5000 13.9470
v -12.0000 33.0000 -5.0000
v 12.0000 33.0000 -5.0000
v 12.0000 49.0000 -5.0000
v -12.0000 49.0000 -5.0000
v -12.0000 33.0000 21.0000
v 12.0000 33.0000 21.0000
v 12.0000 49.0000 21.0000
v -12.0000 49.0000 21.0000
f 1401 1404 1403 1402
f 1405 1406 1407 1408
f 1401 1402 1406 1405
f 1404 1408 1407 1403
f 1401 1405 1408 1404
f 1402 1403 1407 1406
f 1409 1410 1421 1420
f 1410 1411 1422 1421
f 1411 1412 1423 1422
f 1412 1413 1424 1423
f 1413 1414 1425 1424
f 1414 1415 1426 1425
f 1415 1416 1427 1426
f 1416 1417 1428 1427
f 1417 1418 1429 1428
f 1418 1419 1430 1429
f 1419 1409 1420 1430
f 1431 1442 1443 1432
f 1432 1443 1444 1433
f 1433 1444 1445 1434
f 1434 1445 1446 1435
f 1435 1446 1447 1436
f 1436 1447 1448 1437
f 1437 1448 1449 1438
f 1438 1449 1450 1439
f 1439 1450 1451 1440
f 1440 1451 1452 1441
f 1441 1452 1442 1431
f 1420 1421 1443 1442
f 1409 1431 1432 1410
f 1421 1422 1444 1443
f 1410 1432 1433 1411
f 1422 1423 1445 1444
f 1411 1433 1434 1412
f 1423 1424 1446 1445
f 1412 1434 1435 1413
f 1424 1425 1447 1446
f 1413 1435 1436 1414
f 1425 1426 1448 1447
f 1414 1436 1437 1415
f 1426 1427 1449 1448
f 1415 1437 1438 1416
f 1427 1428 1450 1449
f 1416 1438 1439 1417
f 1428 1429 1451 1450
f 1417 1439 1440 1418
f 1429 1430 1452 1451
f 1418 1440 1441 1419
f 1430 1420 1442 1452
f 1419 1441 1431 1409
f 1453 1457 1458 1454
f 1454 1458 1459 1455
f 1455 1459 1460 1456
f 1456 1460 1457 1453
f 1457 1461 1462 1458
f 1458 1462 1463 1459
f 1459 1463 1464 1460
f 1460 1464 1461 1457
f 1461 1465 1466 1462
f 1462 1466 1467 1463
f 1463 1467 1468 1464
f 1464 1468 1465 1461
f 1465 1469 1470 1466
f 1466 1470 1471 1467
f 1467 1471 1472 1468
f 1468 1472 1469 1465
f 1469 1473 1474 1470
f 1470 1474 1475 1471
f 1471 1475 1476 1472
f 1472 1476 1473 1469
f 1473 1477 1478 1474
f 1474 1478 1479 1475
f 1475 1479 1480 1476
f 1476 1480 1477 1473
f 1477 1481 1482 1478
f 1478 1482 1483 1479
f 1479 1483 1484 1480
f 1480 1484 1481 1477
f 1481 1485 1486 1482
f 1482 1486 1487 1483
f 1483 1487 1488 1484
f 1484 1488 1485 1481
f 1485 1489 1490 1486
f 1486 1490 1491 1487
f 1487 1491 1492 1488
f 1488 1492 1489 1485
f 1489 1493 1494 1490
f 1490 1494 1495 1491
f 1491 1495 1496 1492
f 1492 1496 1493 1489
f 1493 1453 1454 1494
f 1494 1454 1455 1495
f 1495 1455 1456 1496
f 1496 1456 1453 1493
f 1497 1500 1499 1498
f 1501 1502 1503 1504
f 1497 1498 1502 1501
f 1500 1504 1503 1499
f 1497 1501 1504 1500
f 1498 1499 1503 1502
f 1505 1508 1507 1506
f 1509 1510 1511 1512
f 1505 1506 1510 1509
f 1508 1512 1511 1507
f 1505 1509 1512 1508
f 1506 1507 1511 1510
f 1513 1514 1525 1524
f 1514 1515 1526 1525
f 1515 1516 1527 1526
f 1516 1517 1528 1527
f 1517 1518 1529 1528
f 1518 1519 1530 1529
f 1519 1520 1531 1530
f 1520 1521 1532 1531
f 1521 1522 1533 1532
f 1522 1523 1534 1533
f 1523 1513 1524 1534
f 1535 1546 1547 1536
f 1536 1547 1548 1537
f 1537 1548 1549 1538
f 1538 1549 1550 1539
f 1539 1550 1551 1540
f 1540 1551 1552 1541
f 1541 1552 1553 1542
f 1542 1553 1554 1543
f 1543 1554 1555 1544
f 1544 1555 1556 1545
f 1545 1556 1546 1535
f 1524 1525 1547 1546
f 1513 1535 1536 1514
f 1525 1526 1548 1547
f 1514 1536 1537 1515
f 1526 1527 1549 1548
f 1515 1537 1538 1516
f 1527 1528 1550 1549
f 1516 1538 1539 1517
f 1528 1529 1551 1550
f 1517 1539 1540 1518
f 1529 1530 1552 1551
f 1518 1540 1541 1519
f 1530 1531 1553 1552
f 1519 1541 1542 1520
f 1531 1532 1554 1553
f 1520 1542 1543 1521
f 1532 1533 1555 1554
f 1521 1543 1544 1522
f 1533 1534 1556 1555
f 1522 1544 1545 1523
f 1534 1524 1546 1556
f 1523 1545 1535 1513
f 1557 1561 1562 1558
f 1558 1562 1563 1559
f 1559 1563 1564 1560
f 1560 1564 1561 1557
f 1561 1565 1566 1562
f 1562 1566 1567 1563
f 1563 1567 1568 1564
f 1564 1568 1565 1561
f 1565 1569 1570 1566
f 1566 1570 1571 1567
f 1567 1571 1572 1568
f 1568 1572 1569 1565
f 1569 1573 1574 1570
f 1570 1574 1575 1571
f 1571 1575 1576 1572
f 1572 1576 1573 1569
f 1573 1577 1578 1574
f 1574 1578 1579 1575
f 1575 1579 1580 1576
f 1576 1580 1577 1573
f 1577 1581 1582 1578
f 1578 1582 1583 1579
f 1579 1583 1584 1580
f 1580 1584 1581 1577
f 1581 1585 1586 1582
f 1582 1586 1587 1583
f 1583 1587 1588 1584
f 1584 1588 1585 1581
f 1585 1589 1590 1586
f 1586 1590 1591 1587
f 1587 1591 1592 1588
f 1588 1592 1589 1585
f 1589 1593 1594 1590
f 1590 1594 1595 1591
f 1591 1595 1596 1592
f 1592 1596 1593 1589
f 1593 1597 1598 1594
f 1594 1598 1599 1595
f 1595 1599 1600 1596
f 1596 1600 1597 1593
f 1597 1557 1558 1598
f 1598 1558 1559 1599
f 1599 1559 1560 1600
f 1600 1560 1557 1597
f 1601 1604 1603 1602
f 1605 1606 1607 1608
f 1601 1602 1606 1605
f 1604 1608 1607 1603
f 1601 1605 1608 1604
f 1602 1603 1607 1606

o ESTRUCTURA_IMPRESA_MADERA
usemtl wood_pla
v -68.0000 -51.0000 63.0000
v 68.0000 -51.0000 63.0000
v 68.0000 -45.0000 63.0000
v -68.0000 -45.0000 63.0000
v -68.0000 -51.0000 73.0000
v 68.0000 -51.0000 73.0000
v 68.0000 -45.0000 73.0000
v -68.0000 -45.0000 73.0000
v -60.0000 -51.0000 3.0000
v 60.0000 -51.0000 3.0000
v 60.0000 -45.0000 3.0000
v -60.0000 -45.0000 3.0000
v -60.0000 -51.0000 13.0000
v 60.0000 -51.0000 13.0000
v 60.0000 -45.0000 13.0000
v -60.0000 -45.0000 13.0000
v -44.0000 -51.0000 8.0000
v -36.0000 -51.0000 8.0000
v -36.0000 -45.0000 8.0000
v -44.0000 -45.0000 8.0000
v -44.0000 -51.0000 56.0000
v -36.0000 -51.0000 56.0000
v -36.0000 -45.0000 56.0000
v -44.0000 -45.0000 56.0000
v 36.0000 -51.0000 8.0000
v 44.0000 -51.0000 8.0000
v 44.0000 -45.0000 8.0000
v 36.0000 -45.0000 8.0000
v 36.0000 -51.0000 56.0000
v 44.0000 -51.0000 56.0000
v 44.0000 -45.0000 56.0000
v 36.0000 -45.0000 56.0000
v -67.0000 -50.0000 60.0000
v -29.0000 -50.0000 60.0000
v -29.0000 -46.0000 60.0000
v -67.0000 -46.0000 60.0000
v -67.0000 -50.0000 80.0000
v -29.0000 -50.0000 80.0000
v -29.0000 -46.0000 80.0000
v -67.0000 -46.0000 80.0000
v 29.0000 -50.0000 60.0000
v 67.0000 -50.0000 60.0000
v 67.0000 -46.0000 60.0000
v 29.0000 -46.0000 60.0000
v 29.0000 -50.0000 80.0000
v 67.0000 -50.0000 80.0000
v 67.0000 -46.0000 80.0000
v 29.0000 -46.0000 80.0000
v -68.0000 45.0000 63.0000
v 68.0000 45.0000 63.0000
v 68.0000 51.0000 63.0000
v -68.0000 51.0000 63.0000
v -68.0000 45.0000 73.0000
v 68.0000 45.0000 73.0000
v 68.0000 51.0000 73.0000
v -68.0000 51.0000 73.0000
v -60.0000 45.0000 3.0000
v 60.0000 45.0000 3.0000
v 60.0000 51.0000 3.0000
v -60.0000 51.0000 3.0000
v -60.0000 45.0000 13.0000
v 60.0000 45.0000 13.0000
v 60.0000 51.0000 13.0000
v -60.0000 51.0000 13.0000
v -44.0000 45.0000 8.0000
v -36.0000 45.0000 8.0000
v -36.0000 51.0000 8.0000
v -44.0000 51.0000 8.0000
v -44.0000 45.0000 56.0000
v -36.0000 45.0000 56.0000
v -36.0000 51.0000 56.0000
v -44.0000 51.0000 56.0000
v 36.0000 45.0000 8.0000
v 44.0000 45.0000 8.0000
v 44.0000 51.0000 8.0000
v 36.0000 51.0000 8.0000
v 36.0000 45.0000 56.0000
v 44.0000 45.0000 56.0000
v 44.0000 51.0000 56.0000
v 36.0000 51.0000 56.0000
v -67.0000 46.0000 60.0000
v -29.0000 46.0000 60.0000
v -29.0000 50.0000 60.0000
v -67.0000 50.0000 60.0000
v -67.0000 46.0000 80.0000
v -29.0000 46.0000 80.0000
v -29.0000 50.0000 80.0000
v -67.0000 50.0000 80.0000
v 29.0000 46.0000 60.0000
v 67.0000 46.0000 60.0000
v 67.0000 50.0000 60.0000
v 29.0000 50.0000 60.0000
v 29.0000 46.0000 80.0000
v 67.0000 46.0000 80.0000
v 67.0000 50.0000 80.0000
v 29.0000 50.0000 80.0000
f 1609 1612 1611 1610
f 1613 1614 1615 1616
f 1609 1610 1614 1613
f 1612 1616 1615 1611
f 1609 1613 1616 1612
f 1610 1611 1615 1614
f 1617 1620 1619 1618
f 1621 1622 1623 1624
f 1617 1618 1622 1621
f 1620 1624 1623 1619
f 1617 1621 1624 1620
f 1618 1619 1623 1622
f 1625 1628 1627 1626
f 1629 1630 1631 1632
f 1625 1626 1630 1629
f 1628 1632 1631 1627
f 1625 1629 1632 1628
f 1626 1627 1631 1630
f 1633 1636 1635 1634
f 1637 1638 1639 1640
f 1633 1634 1638 1637
f 1636 1640 1639 1635
f 1633 1637 1640 1636
f 1634 1635 1639 1638
f 1641 1644 1643 1642
f 1645 1646 1647 1648
f 1641 1642 1646 1645
f 1644 1648 1647 1643
f 1641 1645 1648 1644
f 1642 1643 1647 1646
f 1649 1652 1651 1650
f 1653 1654 1655 1656
f 1649 1650 1654 1653
f 1652 1656 1655 1651
f 1649 1653 1656 1652
f 1650 1651 1655 1654
f 1657 1660 1659 1658
f 1661 1662 1663 1664
f 1657 1658 1662 1661
f 1660 1664 1663 1659
f 1657 1661 1664 1660
f 1658 1659 1663 1662
f 1665 1668 1667 1666
f 1669 1670 1671 1672
f 1665 1666 1670 1669
f 1668 1672 1671 1667
f 1665 1669 1672 1668
f 1666 1667 1671 1670
f 1673 1676 1675 1674
f 1677 1678 1679 1680
f 1673 1674 1678 1677
f 1676 1680 1679 1675
f 1673 1677 1680 1676
f 1674 1675 1679 1678
f 1681 1684 1683 1682
f 1685 1686 1687 1688
f 1681 1682 1686 1685
f 1684 1688 1687 1683
f 1681 1685 1688 1684
f 1682 1683 1687 1686
f 1689 1692 1691 1690
f 1693 1694 1695 1696
f 1689 1690 1694 1693
f 1692 1696 1695 1691
f 1689 1693 1696 1692
f 1690 1691 1695 1694
f 1697 1700 1699 1698
f 1701 1702 1703 1704
f 1697 1698 1702 1701
f 1700 1704 1703 1699
f 1697 1701 1704 1700
f 1698 1699 1703 1702

o ENGRANAJE_MEDIO_A
usemtl metal_dark
v 6.5000 24.0000 8.0000
v 5.4681 24.0000 4.4858
v 2.7002 24.0000 2.0874
v -0.9250 24.0000 1.5662
v -4.2566 24.0000 3.0876
v -6.2367 24.0000 6.1687
v -6.2367 24.0000 9.8313
v -4.2566 24.0000 12.9124
v -0.9250 24.0000 14.4338
v 2.7002 24.0000 13.9126
v 5.4681 24.0000 11.5142
v 6.5000 32.0000 8.0000
v 5.4681 32.0000 4.4858
v 2.7002 32.0000 2.0874
v -0.9250 32.0000 1.5662
v -4.2566 32.0000 3.0876
v -6.2367 32.0000 6.1687
v -6.2367 32.0000 9.8313
v -4.2566 32.0000 12.9124
v -0.9250 32.0000 14.4338
v 2.7002 32.0000 13.9126
v 5.4681 32.0000 11.5142
v 0.0000 24.0000 8.0000
v 0.0000 32.0000 8.0000
v 7.0000 24.5000 5.5000
v 10.0000 24.5000 5.5000
v 10.0000 31.5000 5.5000
v 7.0000 31.5000 5.5000
v 7.0000 24.5000 10.5000
v 10.0000 24.5000 10.5000
v 10.0000 31.5000 10.5000
v 7.0000 31.5000 10.5000
v 2.8826 24.5000 13.1798
v 5.3096 24.5000 14.9431
v 5.3096 31.5000 14.9431
v 2.8826 31.5000 13.1798
v -0.0563 24.5000 17.2248
v 2.3707 24.5000 18.9882
v 2.3707 31.5000 18.9882
v -0.0563 31.5000 17.2248
v -4.9625 24.5000 10.7970
v -4.0355 24.5000 13.6502
v -4.0355 31.5000 13.6502
v -4.9625 31.5000 10.7970
v -9.7178 24.5000 12.3421
v -8.7908 24.5000 15.1953
v -8.7908 31.5000 15.1953
v -9.7178 31.5000 12.3421
v -4.0355 24.5000 2.3498
v -4.9625 24.5000 5.2030
v -4.9625 31.5000 5.2030
v -4.0355 31.5000 2.3498
v -8.7908 24.5000 0.8047
v -9.7178 24.5000 3.6579
v -9.7178 31.5000 3.6579
v -8.7908 31.5000 0.8047
v 5.3096 24.5000 1.0569
v 2.8826 24.5000 2.8202
v 2.8826 31.5000 2.8202
v 5.3096 31.5000 1.0569
v 2.3707 24.5000 -2.9882
v -0.0563 24.5000 -1.2248
v -0.0563 31.5000 -1.2248
v 2.3707 31.5000 -2.9882
v 10.0000 24.5000 10.5000
v 7.0000 24.5000 10.5000
v 7.0000 31.5000 10.5000
v 10.0000 31.5000 10.5000
v 10.0000 24.5000 5.5000
v 7.0000 24.5000 5.5000
v 7.0000 31.5000 5.5000
v 10.0000 31.5000 5.5000
v 2.3707 24.5000 18.9882
v -0.0563 24.5000 17.2248
v -0.0563 31.5000 17.2248
v 2.3707 31.5000 18.9882
v 5.3096 24.5000 14.9431
v 2.8826 24.5000 13.1798
v 2.8826 31.5000 13.1798
v 5.3096 31.5000 14.9431
v -8.7908 24.5000 15.1953
v -9.7178 24.5000 12.3421
v -9.7178 31.5000 12.3421
v -8.7908 31.5000 15.1953
v -4.0355 24.5000 13.6502
v -4.9625 24.5000 10.7970
v -4.9625 31.5000 10.7970
v -4.0355 31.5000 13.6502
v -9.7178 24.5000 3.6579
v -8.7908 24.5000 0.8047
v -8.7908 31.5000 0.8047
v -9.7178 31.5000 3.6579
v -4.9625 24.5000 5.2030
v -4.0355 24.5000 2.3498
v -4.0355 31.5000 2.3498
v -4.9625 31.5000 5.2030
v -0.0563 24.5000 -1.2248
v 2.3707 24.5000 -2.9882
v 2.3707 31.5000 -2.9882
v -0.0563 31.5000 -1.2248
v 2.8826 24.5000 2.8202
v 5.3096 24.5000 1.0569
v 5.3096 31.5000 1.0569
v 2.8826 31.5000 2.8202
v 8.5000 68.0000 8.0000
v 7.1507 68.0000 3.4046
v 3.5310 68.0000 0.2681
v -1.2097 68.0000 -0.4135
v -5.5663 68.0000 1.5761
v -8.1557 68.0000 5.6053
v -8.1557 68.0000 10.3947
v -5.5663 68.0000 14.4239
v -1.2097 68.0000 16.4135
v 3.5310 68.0000 15.7319
v 7.1507 68.0000 12.5954
v 8.5000 76.0000 8.0000
v 7.1507 76.0000 3.4046
v 3.5310 76.0000 0.2681
v -1.2097 76.0000 -0.4135
v -5.5663 76.0000 1.5761
v -8.1557 76.0000 5.6053
v -8.1557 76.0000 10.3947
v -5.5663 76.0000 14.4239
v -1.2097 76.0000 16.4135
v 3.5310 76.0000 15.7319
v 7.1507 76.0000 12.5954
v 0.0000 68.0000 8.0000
v 0.0000 76.0000 8.0000
v 9.0000 68.5000 5.5000
v 12.0000 68.5000 5.5000
v 12.0000 75.5000 5.5000
v 9.0000 75.5000 5.5000
v 9.0000 68.5000 10.5000
v 12.0000 68.5000 10.5000
v 12.0000 75.5000 10.5000
v 9.0000 75.5000 10.5000
v 5.2010 68.5000 14.1782
v 7.7990 68.5000 15.6782
v 7.7990 75.5000 15.6782
v 5.2010 75.5000 14.1782
v 2.7010 68.5000 18.5083
v 5.2990 68.5000 20.0083
v 5.2990 75.5000 20.0083
v 2.7010 75.5000 18.5083
v -3.8349 68.5000 14.5442
v -2.3349 68.5000 17.1423
v -2.3349 75.5000 17.1423
v -3.8349 75.5000 14.5442
v -8.1651 68.5000 17.0442
v -6.6651 68.5000 19.6423
v -6.6651 75.5000 19.6423
v -8.1651 75.5000 17.0442
v -8.0000 68.5000 6.5000
v -8.0000 68.5000 9.5000
v -8.0000 75.5000 9.5000
v -8.0000 75.5000 6.5000
v -13.0000 68.5000 6.5000
v -13.0000 68.5000 9.5000
v -13.0000 75.5000 9.5000
v -13.0000 75.5000 6.5000
v -2.3349 68.5000 -1.1423
v -3.8349 68.5000 1.4558
v -3.8349 75.5000 1.4558
v -2.3349 75.5000 -1.1423
v -6.6651 68.5000 -3.6423
v -8.1651 68.5000 -1.0442
v -8.1651 75.5000 -1.0442
v -6.6651 75.5000 -3.6423
v 7.7990 68.5000 0.3218
v 5.2010 68.5000 1.8218
v 5.2010 75.5000 1.8218
v 7.7990 75.5000 0.3218
v 5.2990 68.5000 -4.0083
v 2.7010 68.5000 -2.5083
v 2.7010 75.5000 -2.5083
v 5.2990 75.5000 -4.0083
v 12.0000 68.5000 10.5000
v 9.0000 68.5000 10.5000
v 9.0000 75.5000 10.5000
v 12.0000 75.5000 10.5000
v 12.0000 68.5000 5.5000
v 9.0000 68.5000 5.5000
v 9.0000 75.5000 5.5000
v 12.0000 75.5000 5.5000
v 5.2990 68.5000 20.0083
v 2.7010 68.5000 18.5083
v 2.7010 75.5000 18.5083
v 5.2990 75.5000 20.0083
v 7.7990 68.5000 15.6782
v 5.2010 68.5000 14.1782
v 5.2010 75.5000 14.1782
v 7.7990 75.5000 15.6782
v -6.6651 68.5000 19.6423
v -8.1651 68.5000 17.0442
v -8.1651 75.5000 17.0442
v -6.6651 75.5000 19.6423
v -2.3349 68.5000 17.1423
v -3.8349 68.5000 14.5442
v -3.8349 75.5000 14.5442
v -2.3349 75.5000 17.1423
v -13.0000 68.5000 9.5000
v -13.0000 68.5000 6.5000
v -13.0000 75.5000 6.5000
v -13.0000 75.5000 9.5000
v -8.0000 68.5000 9.5000
v -8.0000 68.5000 6.5000
v -8.0000 75.5000 6.5000
v -8.0000 75.5000 9.5000
v -8.1651 68.5000 -1.0442
v -6.6651 68.5000 -3.6423
v -6.6651 75.5000 -3.6423
v -8.1651 75.5000 -1.0442
v -3.8349 68.5000 1.4558
v -2.3349 68.5000 -1.1423
v -2.3349 75.5000 -1.1423
v -3.8349 75.5000 1.4558
v 2.7010 68.5000 -2.5083
v 5.2990 68.5000 -4.0083
v 5.2990 75.5000 -4.0083
v 2.7010 75.5000 -2.5083
v 5.2010 68.5000 1.8218
v 7.7990 68.5000 0.3218
v 7.7990 75.5000 0.3218
v 5.2010 75.5000 1.8218
f 1705 1706 1717 1716
f 1706 1707 1718 1717
f 1707 1708 1719 1718
f 1708 1709 1720 1719
f 1709 1710 1721 1720
f 1710 1711 1722 1721
f 1711 1712 1723 1722
f 1712 1713 1724 1723
f 1713 1714 1725 1724
f 1714 1715 1726 1725
f 1715 1705 1716 1726
f 1727 1706 1705
f 1728 1716 1717
f 1727 1707 1706
f 1728 1717 1718
f 1727 1708 1707
f 1728 1718 1719
f 1727 1709 1708
f 1728 1719 1720
f 1727 1710 1709
f 1728 1720 1721
f 1727 1711 1710
f 1728 1721 1722
f 1727 1712 1711
f 1728 1722 1723
f 1727 1713 1712
f 1728 1723 1724
f 1727 1714 1713
f 1728 1724 1725
f 1727 1715 1714
f 1728 1725 1726
f 1727 1705 1715
f 1728 1726 1716
f 1729 1732 1731 1730
f 1733 1734 1735 1736
f 1729 1730 1734 1733
f 1732 1736 1735 1731
f 1729 1733 1736 1732
f 1730 1731 1735 1734
f 1737 1740 1739 1738
f 1741 1742 1743 1744
f 1737 1738 1742 1741
f 1740 1744 1743 1739
f 1737 1741 1744 1740
f 1738 1739 1743 1742
f 1745 1748 1747 1746
f 1749 1750 1751 1752
f 1745 1746 1750 1749
f 1748 1752 1751 1747
f 1745 1749 1752 1748
f 1746 1747 1751 1750
f 1753 1756 1755 1754
f 1757 1758 1759 1760
f 1753 1754 1758 1757
f 1756 1760 1759 1755
f 1753 1757 1760 1756
f 1754 1755 1759 1758
f 1761 1764 1763 1762
f 1765 1766 1767 1768
f 1761 1762 1766 1765
f 1764 1768 1767 1763
f 1761 1765 1768 1764
f 1762 1763 1767 1766
f 1769 1772 1771 1770
f 1773 1774 1775 1776
f 1769 1770 1774 1773
f 1772 1776 1775 1771
f 1769 1773 1776 1772
f 1770 1771 1775 1774
f 1777 1780 1779 1778
f 1781 1782 1783 1784
f 1777 1778 1782 1781
f 1780 1784 1783 1779
f 1777 1781 1784 1780
f 1778 1779 1783 1782
f 1785 1788 1787 1786
f 1789 1790 1791 1792
f 1785 1786 1790 1789
f 1788 1792 1791 1787
f 1785 1789 1792 1788
f 1786 1787 1791 1790
f 1793 1796 1795 1794
f 1797 1798 1799 1800
f 1793 1794 1798 1797
f 1796 1800 1799 1795
f 1793 1797 1800 1796
f 1794 1795 1799 1798
f 1801 1804 1803 1802
f 1805 1806 1807 1808
f 1801 1802 1806 1805
f 1804 1808 1807 1803
f 1801 1805 1808 1804
f 1802 1803 1807 1806
f 1809 1810 1821 1820
f 1810 1811 1822 1821
f 1811 1812 1823 1822
f 1812 1813 1824 1823
f 1813 1814 1825 1824
f 1814 1815 1826 1825
f 1815 1816 1827 1826
f 1816 1817 1828 1827
f 1817 1818 1829 1828
f 1818 1819 1830 1829
f 1819 1809 1820 1830
f 1831 1810 1809
f 1832 1820 1821
f 1831 1811 1810
f 1832 1821 1822
f 1831 1812 1811
f 1832 1822 1823
f 1831 1813 1812
f 1832 1823 1824
f 1831 1814 1813
f 1832 1824 1825
f 1831 1815 1814
f 1832 1825 1826
f 1831 1816 1815
f 1832 1826 1827
f 1831 1817 1816
f 1832 1827 1828
f 1831 1818 1817
f 1832 1828 1829
f 1831 1819 1818
f 1832 1829 1830
f 1831 1809 1819
f 1832 1830 1820
f 1833 1836 1835 1834
f 1837 1838 1839 1840
f 1833 1834 1838 1837
f 1836 1840 1839 1835
f 1833 1837 1840 1836
f 1834 1835 1839 1838
f 1841 1844 1843 1842
f 1845 1846 1847 1848
f 1841 1842 1846 1845
f 1844 1848 1847 1843
f 1841 1845 1848 1844
f 1842 1843 1847 1846
f 1849 1852 1851 1850
f 1853 1854 1855 1856
f 1849 1850 1854 1853
f 1852 1856 1855 1851
f 1849 1853 1856 1852
f 1850 1851 1855 1854
f 1857 1860 1859 1858
f 1861 1862 1863 1864
f 1857 1858 1862 1861
f 1860 1864 1863 1859
f 1857 1861 1864 1860
f 1858 1859 1863 1862
f 1865 1868 1867 1866
f 1869 1870 1871 1872
f 1865 1866 1870 1869
f 1868 1872 1871 1867
f 1865 1869 1872 1868
f 1866 1867 1871 1870
f 1873 1876 1875 1874
f 1877 1878 1879 1880
f 1873 1874 1878 1877
f 1876 1880 1879 1875
f 1873 1877 1880 1876
f 1874 1875 1879 1878
f 1881 1884 1883 1882
f 1885 1886 1887 1888
f 1881 1882 1886 1885
f 1884 1888 1887 1883
f 1881 1885 1888 1884
f 1882 1883 1887 1886
f 1889 1892 1891 1890
f 1893 1894 1895 1896
f 1889 1890 1894 1893
f 1892 1896 1895 1891
f 1889 1893 1896 1892
f 1890 1891 1895 1894
f 1897 1900 1899 1898
f 1901 1902 1903 1904
f 1897 1898 1902 1901
f 1900 1904 1903 1899
f 1897 1901 1904 1900
f 1898 1899 1903 1902
f 1905 1908 1907 1906
f 1909 1910 1911 1912
f 1905 1906 1910 1909
f 1908 1912 1911 1907
f 1905 1909 1912 1908
f 1906 1907 1911 1910
f 1913 1916 1915 1914
f 1917 1918 1919 1920
f 1913 1914 1918 1917
f 1916 1920 1919 1915
f 1913 1917 1920 1916
f 1914 1915 1919 1918
f 1921 1924 1923 1922
f 1925 1926 1927 1928
f 1921 1922 1926 1925
f 1924 1928 1927 1923
f 1921 1925 1928 1924
f 1922 1923 1927 1926

o ENGRANAJE_MEDIO_B
usemtl metal_dark
v 6.5000 -32.0000 8.0000
v 5.4681 -32.0000 4.4858
v 2.7002 -32.0000 2.0874
v -0.9250 -32.0000 1.5662
v -4.2566 -32.0000 3.0876
v -6.2367 -32.0000 6.1687
v -6.2367 -32.0000 9.8313
v -4.2566 -32.0000 12.9124
v -0.9250 -32.0000 14.4338
v 2.7002 -32.0000 13.9126
v 5.4681 -32.0000 11.5142
v 6.5000 -24.0000 8.0000
v 5.4681 -24.0000 4.4858
v 2.7002 -24.0000 2.0874
v -0.9250 -24.0000 1.5662
v -4.2566 -24.0000 3.0876
v -6.2367 -24.0000 6.1687
v -6.2367 -24.0000 9.8313
v -4.2566 -24.0000 12.9124
v -0.9250 -24.0000 14.4338
v 2.7002 -24.0000 13.9126
v 5.4681 -24.0000 11.5142
v 0.0000 -32.0000 8.0000
v 0.0000 -24.0000 8.0000
v 7.0000 -31.5000 5.5000
v 10.0000 -31.5000 5.5000
v 10.0000 -24.5000 5.5000
v 7.0000 -24.5000 5.5000
v 7.0000 -31.5000 10.5000
v 10.0000 -31.5000 10.5000
v 10.0000 -24.5000 10.5000
v 7.0000 -24.5000 10.5000
v 2.8826 -31.5000 13.1798
v 5.3096 -31.5000 14.9431
v 5.3096 -24.5000 14.9431
v 2.8826 -24.5000 13.1798
v -0.0563 -31.5000 17.2248
v 2.3707 -31.5000 18.9882
v 2.3707 -24.5000 18.9882
v -0.0563 -24.5000 17.2248
v -4.9625 -31.5000 10.7970
v -4.0355 -31.5000 13.6502
v -4.0355 -24.5000 13.6502
v -4.9625 -24.5000 10.7970
v -9.7178 -31.5000 12.3421
v -8.7908 -31.5000 15.1953
v -8.7908 -24.5000 15.1953
v -9.7178 -24.5000 12.3421
v -4.0355 -31.5000 2.3498
v -4.9625 -31.5000 5.2030
v -4.9625 -24.5000 5.2030
v -4.0355 -24.5000 2.3498
v -8.7908 -31.5000 0.8047
v -9.7178 -31.5000 3.6579
v -9.7178 -24.5000 3.6579
v -8.7908 -24.5000 0.8047
v 5.3096 -31.5000 1.0569
v 2.8826 -31.5000 2.8202
v 2.8826 -24.5000 2.8202
v 5.3096 -24.5000 1.0569
v 2.3707 -31.5000 -2.9882
v -0.0563 -31.5000 -1.2248
v -0.0563 -24.5000 -1.2248
v 2.3707 -24.5000 -2.9882
v 10.0000 -31.5000 10.5000
v 7.0000 -31.5000 10.5000
v 7.0000 -24.5000 10.5000
v 10.0000 -24.5000 10.5000
v 10.0000 -31.5000 5.5000
v 7.0000 -31.5000 5.5000
v 7.0000 -24.5000 5.5000
v 10.0000 -24.5000 5.5000
v 2.3707 -31.5000 18.9882
v -0.0563 -31.5000 17.2248
v -0.0563 -24.5000 17.2248
v 2.3707 -24.5000 18.9882
v 5.3096 -31.5000 14.9431
v 2.8826 -31.5000 13.1798
v 2.8826 -24.5000 13.1798
v 5.3096 -24.5000 14.9431
v -8.7908 -31.5000 15.1953
v -9.7178 -31.5000 12.3421
v -9.7178 -24.5000 12.3421
v -8.7908 -24.5000 15.1953
v -4.0355 -31.5000 13.6502
v -4.9625 -31.5000 10.7970
v -4.9625 -24.5000 10.7970
v -4.0355 -24.5000 13.6502
v -9.7178 -31.5000 3.6579
v -8.7908 -31.5000 0.8047
v -8.7908 -24.5000 0.8047
v -9.7178 -24.5000 3.6579
v -4.9625 -31.5000 5.2030
v -4.0355 -31.5000 2.3498
v -4.0355 -24.5000 2.3498
v -4.9625 -24.5000 5.2030
v -0.0563 -31.5000 -1.2248
v 2.3707 -31.5000 -2.9882
v 2.3707 -24.5000 -2.9882
v -0.0563 -24.5000 -1.2248
v 2.8826 -31.5000 2.8202
v 5.3096 -31.5000 1.0569
v 5.3096 -24.5000 1.0569
v 2.8826 -24.5000 2.8202
v 8.5000 -76.0000 8.0000
v 7.1507 -76.0000 3.4046
v 3.5310 -76.0000 0.2681
v -1.2097 -76.0000 -0.4135
v -5.5663 -76.0000 1.5761
v -8.1557 -76.0000 5.6053
v -8.1557 -76.0000 10.3947
v -5.5663 -76.0000 14.4239
v -1.2097 -76.0000 16.4135
v 3.5310 -76.0000 15.7319
v 7.1507 -76.0000 12.5954
v 8.5000 -68.0000 8.0000
v 7.1507 -68.0000 3.4046
v 3.5310 -68.0000 0.2681
v -1.2097 -68.0000 -0.4135
v -5.5663 -68.0000 1.5761
v -8.1557 -68.0000 5.6053
v -8.1557 -68.0000 10.3947
v -5.5663 -68.0000 14.4239
v -1.2097 -68.0000 16.4135
v 3.5310 -68.0000 15.7319
v 7.1507 -68.0000 12.5954
v 0.0000 -76.0000 8.0000
v 0.0000 -68.0000 8.0000
v 9.0000 -75.5000 5.5000
v 12.0000 -75.5000 5.5000
v 12.0000 -68.5000 5.5000
v 9.0000 -68.5000 5.5000
v 9.0000 -75.5000 10.5000
v 12.0000 -75.5000 10.5000
v 12.0000 -68.5000 10.5000
v 9.0000 -68.5000 10.5000
v 5.2010 -75.5000 14.1782
v 7.7990 -75.5000 15.6782
v 7.7990 -68.5000 15.6782
v 5.2010 -68.5000 14.1782
v 2.7010 -75.5000 18.5083
v 5.2990 -75.5000 20.0083
v 5.2990 -68.5000 20.0083
v 2.7010 -68.5000 18.5083
v -3.8349 -75.5000 14.5442
v -2.3349 -75.5000 17.1423
v -2.3349 -68.5000 17.1423
v -3.8349 -68.5000 14.5442
v -8.1651 -75.5000 17.0442
v -6.6651 -75.5000 19.6423
v -6.6651 -68.5000 19.6423
v -8.1651 -68.5000 17.0442
v -8.0000 -75.5000 6.5000
v -8.0000 -75.5000 9.5000
v -8.0000 -68.5000 9.5000
v -8.0000 -68.5000 6.5000
v -13.0000 -75.5000 6.5000
v -13.0000 -75.5000 9.5000
v -13.0000 -68.5000 9.5000
v -13.0000 -68.5000 6.5000
v -2.3349 -75.5000 -1.1423
v -3.8349 -75.5000 1.4558
v -3.8349 -68.5000 1.4558
v -2.3349 -68.5000 -1.1423
v -6.6651 -75.5000 -3.6423
v -8.1651 -75.5000 -1.0442
v -8.1651 -68.5000 -1.0442
v -6.6651 -68.5000 -3.6423
v 7.7990 -75.5000 0.3218
v 5.2010 -75.5000 1.8218
v 5.2010 -68.5000 1.8218
v 7.7990 -68.5000 0.3218
v 5.2990 -75.5000 -4.0083
v 2.7010 -75.5000 -2.5083
v 2.7010 -68.5000 -2.5083
v 5.2990 -68.5000 -4.0083
v 12.0000 -75.5000 10.5000
v 9.0000 -75.5000 10.5000
v 9.0000 -68.5000 10.5000
v 12.0000 -68.5000 10.5000
v 12.0000 -75.5000 5.5000
v 9.0000 -75.5000 5.5000
v 9.0000 -68.5000 5.5000
v 12.0000 -68.5000 5.5000
v 5.2990 -75.5000 20.0083
v 2.7010 -75.5000 18.5083
v 2.7010 -68.5000 18.5083
v 5.2990 -68.5000 20.0083
v 7.7990 -75.5000 15.6782
v 5.2010 -75.5000 14.1782
v 5.2010 -68.5000 14.1782
v 7.7990 -68.5000 15.6782
v -6.6651 -75.5000 19.6423
v -8.1651 -75.5000 17.0442
v -8.1651 -68.5000 17.0442
v -6.6651 -68.5000 19.6423
v -2.3349 -75.5000 17.1423
v -3.8349 -75.5000 14.5442
v -3.8349 -68.5000 14.5442
v -2.3349 -68.5000 17.1423
v -13.0000 -75.5000 9.5000
v -13.0000 -75.5000 6.5000
v -13.0000 -68.5000 6.5000
v -13.0000 -68.5000 9.5000
v -8.0000 -75.5000 9.5000
v -8.0000 -75.5000 6.5000
v -8.0000 -68.5000 6.5000
v -8.0000 -68.5000 9.5000
v -8.1651 -75.5000 -1.0442
v -6.6651 -75.5000 -3.6423
v -6.6651 -68.5000 -3.6423
v -8.1651 -68.5000 -1.0442
v -3.8349 -75.5000 1.4558
v -2.3349 -75.5000 -1.1423
v -2.3349 -68.5000 -1.1423
v -3.8349 -68.5000 1.4558
v 2.7010 -75.5000 -2.5083
v 5.2990 -75.5000 -4.0083
v 5.2990 -68.5000 -4.0083
v 2.7010 -68.5000 -2.5083
v 5.2010 -75.5000 1.8218
v 7.7990 -75.5000 0.3218
v 7.7990 -68.5000 0.3218
v 5.2010 -68.5000 1.8218
f 1929 1930 1941 1940
f 1930 1931 1942 1941
f 1931 1932 1943 1942
f 1932 1933 1944 1943
f 1933 1934 1945 1944
f 1934 1935 1946 1945
f 1935 1936 1947 1946
f 1936 1937 1948 1947
f 1937 1938 1949 1948
f 1938 1939 1950 1949
f 1939 1929 1940 1950
f 1951 1930 1929
f 1952 1940 1941
f 1951 1931 1930
f 1952 1941 1942
f 1951 1932 1931
f 1952 1942 1943
f 1951 1933 1932
f 1952 1943 1944
f 1951 1934 1933
f 1952 1944 1945
f 1951 1935 1934
f 1952 1945 1946
f 1951 1936 1935
f 1952 1946 1947
f 1951 1937 1936
f 1952 1947 1948
f 1951 1938 1937
f 1952 1948 1949
f 1951 1939 1938
f 1952 1949 1950
f 1951 1929 1939
f 1952 1950 1940
f 1953 1956 1955 1954
f 1957 1958 1959 1960
f 1953 1954 1958 1957
f 1956 1960 1959 1955
f 1953 1957 1960 1956
f 1954 1955 1959 1958
f 1961 1964 1963 1962
f 1965 1966 1967 1968
f 1961 1962 1966 1965
f 1964 1968 1967 1963
f 1961 1965 1968 1964
f 1962 1963 1967 1966
f 1969 1972 1971 1970
f 1973 1974 1975 1976
f 1969 1970 1974 1973
f 1972 1976 1975 1971
f 1969 1973 1976 1972
f 1970 1971 1975 1974
f 1977 1980 1979 1978
f 1981 1982 1983 1984
f 1977 1978 1982 1981
f 1980 1984 1983 1979
f 1977 1981 1984 1980
f 1978 1979 1983 1982
f 1985 1988 1987 1986
f 1989 1990 1991 1992
f 1985 1986 1990 1989
f 1988 1992 1991 1987
f 1985 1989 1992 1988
f 1986 1987 1991 1990
f 1993 1996 1995 1994
f 1997 1998 1999 2000
f 1993 1994 1998 1997
f 1996 2000 1999 1995
f 1993 1997 2000 1996
f 1994 1995 1999 1998
f 2001 2004 2003 2002
f 2005 2006 2007 2008
f 2001 2002 2006 2005
f 2004 2008 2007 2003
f 2001 2005 2008 2004
f 2002 2003 2007 2006
f 2009 2012 2011 2010
f 2013 2014 2015 2016
f 2009 2010 2014 2013
f 2012 2016 2015 2011
f 2009 2013 2016 2012
f 2010 2011 2015 2014
f 2017 2020 2019 2018
f 2021 2022 2023 2024
f 2017 2018 2022 2021
f 2020 2024 2023 2019
f 2017 2021 2024 2020
f 2018 2019 2023 2022
f 2025 2028 2027 2026
f 2029 2030 2031 2032
f 2025 2026 2030 2029
f 2028 2032 2031 2027
f 2025 2029 2032 2028
f 2026 2027 2031 2030
f 2033 2034 2045 2044
f 2034 2035 2046 2045
f 2035 2036 2047 2046
f 2036 2037 2048 2047
f 2037 2038 2049 2048
f 2038 2039 2050 2049
f 2039 2040 2051 2050
f 2040 2041 2052 2051
f 2041 2042 2053 2052
f 2042 2043 2054 2053
f 2043 2033 2044 2054
f 2055 2034 2033
f 2056 2044 2045
f 2055 2035 2034
f 2056 2045 2046
f 2055 2036 2035
f 2056 2046 2047
f 2055 2037 2036
f 2056 2047 2048
f 2055 2038 2037
f 2056 2048 2049
f 2055 2039 2038
f 2056 2049 2050
f 2055 2040 2039
f 2056 2050 2051
f 2055 2041 2040
f 2056 2051 2052
f 2055 2042 2041
f 2056 2052 2053
f 2055 2043 2042
f 2056 2053 2054
f 2055 2033 2043
f 2056 2054 2044
f 2057 2060 2059 2058
f 2061 2062 2063 2064
f 2057 2058 2062 2061
f 2060 2064 2063 2059
f 2057 2061 2064 2060
f 2058 2059 2063 2062
f 2065 2068 2067 2066
f 2069 2070 2071 2072
f 2065 2066 2070 2069
f 2068 2072 2071 2067
f 2065 2069 2072 2068
f 2066 2067 2071 2070
f 2073 2076 2075 2074
f 2077 2078 2079 2080
f 2073 2074 2078 2077
f 2076 2080 2079 2075
f 2073 2077 2080 2076
f 2074 2075 2079 2078
f 2081 2084 2083 2082
f 2085 2086 2087 2088
f 2081 2082 2086 2085
f 2084 2088 2087 2083
f 2081 2085 2088 2084
f 2082 2083 2087 2086
f 2089 2092 2091 2090
f 2093 2094 2095 2096
f 2089 2090 2094 2093
f 2092 2096 2095 2091
f 2089 2093 2096 2092
f 2090 2091 2095 2094
f 2097 2100 2099 2098
f 2101 2102 2103 2104
f 2097 2098 2102 2101
f 2100 2104 2103 2099
f 2097 2101 2104 2100
f 2098 2099 2103 2102
f 2105 2108 2107 2106
f 2109 2110 2111 2112
f 2105 2106 2110 2109
f 2108 2112 2111 2107
f 2105 2109 2112 2108
f 2106 2107 2111 2110
f 2113 2116 2115 2114
f 2117 2118 2119 2120
f 2113 2114 2118 2117
f 2116 2120 2119 2115
f 2113 2117 2120 2116
f 2114 2115 2119 2118
f 2121 2124 2123 2122
f 2125 2126 2127 2128
f 2121 2122 2126 2125
f 2124 2128 2127 2123
f 2121 2125 2128 2124
f 2122 2123 2127 2126
f 2129 2132 2131 2130
f 2133 2134 2135 2136
f 2129 2130 2134 2133
f 2132 2136 2135 2131
f 2129 2133 2136 2132
f 2130 2131 2135 2134
f 2137 2140 2139 2138
f 2141 2142 2143 2144
f 2137 2138 2142 2141
f 2140 2144 2143 2139
f 2137 2141 2144 2140
f 2138 2139 2143 2142
f 2145 2148 2147 2146
f 2149 2150 2151 2152
f 2145 2146 2150 2149
f 2148 2152 2151 2147
f 2145 2149 2152 2148
f 2146 2147 2151 2150

o PINONES_RUEDAS
usemtl metal_dark
v -39.5000 24.0000 91.5000
v -40.8493 24.0000 86.9046
v -44.4690 24.0000 83.7681
v -49.2097 24.0000 83.0865
v -53.5663 24.0000 85.0761
v -56.1557 24.0000 89.1053
v -56.1557 24.0000 93.8947
v -53.5663 24.0000 97.9239
v -49.2097 24.0000 99.9135
v -44.4690 24.0000 99.2319
v -40.8493 24.0000 96.0954
v -39.5000 32.0000 91.5000
v -40.8493 32.0000 86.9046
v -44.4690 32.0000 83.7681
v -49.2097 32.0000 83.0865
v -53.5663 32.0000 85.0761
v -56.1557 32.0000 89.1053
v -56.1557 32.0000 93.8947
v -53.5663 32.0000 97.9239
v -49.2097 32.0000 99.9135
v -44.4690 32.0000 99.2319
v -40.8493 32.0000 96.0954
v -48.0000 24.0000 91.5000
v -48.0000 32.0000 91.5000
v -39.0000 24.5000 89.0000
v -36.0000 24.5000 89.0000
v -36.0000 31.5000 89.0000
v -39.0000 31.5000 89.0000
v -39.0000 24.5000 94.0000
v -36.0000 24.5000 94.0000
v -36.0000 31.5000 94.0000
v -39.0000 31.5000 94.0000
v -42.7990 24.5000 97.6782
v -40.2010 24.5000 99.1782
v -40.2010 31.5000 99.1782
v -42.7990 31.5000 97.6782
v -45.2990 24.5000 102.0083
v -42.7010 24.5000 103.5083
v -42.7010 31.5000 103.5083
v -45.2990 31.5000 102.0083
v -51.8349 24.5000 98.0442
v -50.3349 24.5000 100.6423
v -50.3349 31.5000 100.6423
v -51.8349 31.5000 98.0442
v -56.1651 24.5000 100.5442
v -54.6651 24.5000 103.1423
v -54.6651 31.5000 103.1423
v -56.1651 31.5000 100.5442
v -56.0000 24.5000 90.0000
v -56.0000 24.5000 93.0000
v -56.0000 31.5000 93.0000
v -56.0000 31.5000 90.0000
v -61.0000 24.5000 90.0000
v -61.0000 24.5000 93.0000
v -61.0000 31.5000 93.0000
v -61.0000 31.5000 90.0000
v -50.3349 24.5000 82.3577
v -51.8349 24.5000 84.9558
v -51.8349 31.5000 84.9558
v -50.3349 31.5000 82.3577
v -54.6651 24.5000 79.8577
v -56.1651 24.5000 82.4558
v -56.1651 31.5000 82.4558
v -54.6651 31.5000 79.8577
v -40.2010 24.5000 83.8218
v -42.7990 24.5000 85.3218
v -42.7990 31.5000 85.3218
v -40.2010 31.5000 83.8218
v -42.7010 24.5000 79.4917
v -45.2990 24.5000 80.9917
v -45.2990 31.5000 80.9917
v -42.7010 31.5000 79.4917
v -36.0000 24.5000 94.0000
v -39.0000 24.5000 94.0000
v -39.0000 31.5000 94.0000
v -36.0000 31.5000 94.0000
v -36.0000 24.5000 89.0000
v -39.0000 24.5000 89.0000
v -39.0000 31.5000 89.0000
v -36.0000 31.5000 89.0000
v -42.7010 24.5000 103.5083
v -45.2990 24.5000 102.0083
v -45.2990 31.5000 102.0083
v -42.7010 31.5000 103.5083
v -40.2010 24.5000 99.1782
v -42.7990 24.5000 97.6782
v -42.7990 31.5000 97.6782
v -40.2010 31.5000 99.1782
v -54.6651 24.5000 103.1423
v -56.1651 24.5000 100.5442
v -56.1651 31.5000 100.5442
v -54.6651 31.5000 103.1423
v -50.3349 24.5000 100.6423
v -51.8349 24.5000 98.0442
v -51.8349 31.5000 98.0442
v -50.3349 31.5000 100.6423
v -61.0000 24.5000 93.0000
v -61.0000 24.5000 90.0000
v -61.0000 31.5000 90.0000
v -61.0000 31.5000 93.0000
v -56.0000 24.5000 93.0000
v -56.0000 24.5000 90.0000
v -56.0000 31.5000 90.0000
v -56.0000 31.5000 93.0000
v -56.1651 24.5000 82.4558
v -54.6651 24.5000 79.8577
v -54.6651 31.5000 79.8577
v -56.1651 31.5000 82.4558
v -51.8349 24.5000 84.9558
v -50.3349 24.5000 82.3577
v -50.3349 31.5000 82.3577
v -51.8349 31.5000 84.9558
v -45.2990 24.5000 80.9917
v -42.7010 24.5000 79.4917
v -42.7010 31.5000 79.4917
v -45.2990 31.5000 80.9917
v -42.7990 24.5000 85.3218
v -40.2010 24.5000 83.8218
v -40.2010 31.5000 83.8218
v -42.7990 31.5000 85.3218
v -39.5000 -32.0000 91.5000
v -40.8493 -32.0000 86.9046
v -44.4690 -32.0000 83.7681
v -49.2097 -32.0000 83.0865
v -53.5663 -32.0000 85.0761
v -56.1557 -32.0000 89.1053
v -56.1557 -32.0000 93.8947
v -53.5663 -32.0000 97.9239
v -49.2097 -32.0000 99.9135
v -44.4690 -32.0000 99.2319
v -40.8493 -32.0000 96.0954
v -39.5000 -24.0000 91.5000
v -40.8493 -24.0000 86.9046
v -44.4690 -24.0000 83.7681
v -49.2097 -24.0000 83.0865
v -53.5663 -24.0000 85.0761
v -56.1557 -24.0000 89.1053
v -56.1557 -24.0000 93.8947
v -53.5663 -24.0000 97.9239
v -49.2097 -24.0000 99.9135
v -44.4690 -24.0000 99.2319
v -40.8493 -24.0000 96.0954
v -48.0000 -32.0000 91.5000
v -48.0000 -24.0000 91.5000
v -39.0000 -31.5000 89.0000
v -36.0000 -31.5000 89.0000
v -36.0000 -24.5000 89.0000
v -39.0000 -24.5000 89.0000
v -39.0000 -31.5000 94.0000
v -36.0000 -31.5000 94.0000
v -36.0000 -24.5000 94.0000
v -39.0000 -24.5000 94.0000
v -42.7990 -31.5000 97.6782
v -40.2010 -31.5000 99.1782
v -40.2010 -24.5000 99.1782
v -42.7990 -24.5000 97.6782
v -45.2990 -31.5000 102.0083
v -42.7010 -31.5000 103.5083
v -42.7010 -24.5000 103.5083
v -45.2990 -24.5000 102.0083
v -51.8349 -31.5000 98.0442
v -50.3349 -31.5000 100.6423
v -50.3349 -24.5000 100.6423
v -51.8349 -24.5000 98.0442
v -56.1651 -31.5000 100.5442
v -54.6651 -31.5000 103.1423
v -54.6651 -24.5000 103.1423
v -56.1651 -24.5000 100.5442
v -56.0000 -31.5000 90.0000
v -56.0000 -31.5000 93.0000
v -56.0000 -24.5000 93.0000
v -56.0000 -24.5000 90.0000
v -61.0000 -31.5000 90.0000
v -61.0000 -31.5000 93.0000
v -61.0000 -24.5000 93.0000
v -61.0000 -24.5000 90.0000
v -50.3349 -31.5000 82.3577
v -51.8349 -31.5000 84.9558
v -51.8349 -24.5000 84.9558
v -50.3349 -24.5000 82.3577
v -54.6651 -31.5000 79.8577
v -56.1651 -31.5000 82.4558
v -56.1651 -24.5000 82.4558
v -54.6651 -24.5000 79.8577
v -40.2010 -31.5000 83.8218
v -42.7990 -31.5000 85.3218
v -42.7990 -24.5000 85.3218
v -40.2010 -24.5000 83.8218
v -42.7010 -31.5000 79.4917
v -45.2990 -31.5000 80.9917
v -45.2990 -24.5000 80.9917
v -42.7010 -24.5000 79.4917
v -36.0000 -31.5000 94.0000
v -39.0000 -31.5000 94.0000
v -39.0000 -24.5000 94.0000
v -36.0000 -24.5000 94.0000
v -36.0000 -31.5000 89.0000
v -39.0000 -31.5000 89.0000
v -39.0000 -24.5000 89.0000
v -36.0000 -24.5000 89.0000
v -42.7010 -31.5000 103.5083
v -45.2990 -31.5000 102.0083
v -45.2990 -24.5000 102.0083
v -42.7010 -24.5000 103.5083
v -40.2010 -31.5000 99.1782
v -42.7990 -31.5000 97.6782
v -42.7990 -24.5000 97.6782
v -40.2010 -24.5000 99.1782
v -54.6651 -31.5000 103.1423
v -56.1651 -31.5000 100.5442
v -56.1651 -24.5000 100.5442
v -54.6651 -24.5000 103.1423
v -50.3349 -31.5000 100.6423
v -51.8349 -31.5000 98.0442
v -51.8349 -24.5000 98.0442
v -50.3349 -24.5000 100.6423
v -61.0000 -31.5000 93.0000
v -61.0000 -31.5000 90.0000
v -61.0000 -24.5000 90.0000
v -61.0000 -24.5000 93.0000
v -56.0000 -31.5000 93.0000
v -56.0000 -31.5000 90.0000
v -56.0000 -24.5000 90.0000
v -56.0000 -24.5000 93.0000
v -56.1651 -31.5000 82.4558
v -54.6651 -31.5000 79.8577
v -54.6651 -24.5000 79.8577
v -56.1651 -24.5000 82.4558
v -51.8349 -31.5000 84.9558
v -50.3349 -31.5000 82.3577
v -50.3349 -24.5000 82.3577
v -51.8349 -24.5000 84.9558
v -45.2990 -31.5000 80.9917
v -42.7010 -31.5000 79.4917
v -42.7010 -24.5000 79.4917
v -45.2990 -24.5000 80.9917
v -42.7990 -31.5000 85.3218
v -40.2010 -31.5000 83.8218
v -40.2010 -24.5000 83.8218
v -42.7990 -24.5000 85.3218
v 56.5000 24.0000 91.5000
v 55.1507 24.0000 86.9046
v 51.5310 24.0000 83.7681
v 46.7903 24.0000 83.0865
v 42.4337 24.0000 85.0761
v 39.8443 24.0000 89.1053
v 39.8443 24.0000 93.8947
v 42.4337 24.0000 97.9239
v 46.7903 24.0000 99.9135
v 51.5310 24.0000 99.2319
v 55.1507 24.0000 96.0954
v 56.5000 32.0000 91.5000
v 55.1507 32.0000 86.9046
v 51.5310 32.0000 83.7681
v 46.7903 32.0000 83.0865
v 42.4337 32.0000 85.0761
v 39.8443 32.0000 89.1053
v 39.8443 32.0000 93.8947
v 42.4337 32.0000 97.9239
v 46.7903 32.0000 99.9135
v 51.5310 32.0000 99.2319
v 55.1507 32.0000 96.0954
v 48.0000 24.0000 91.5000
v 48.0000 32.0000 91.5000
v 57.0000 24.5000 89.0000
v 60.0000 24.5000 89.0000
v 60.0000 31.5000 89.0000
v 57.0000 31.5000 89.0000
v 57.0000 24.5000 94.0000
v 60.0000 24.5000 94.0000
v 60.0000 31.5000 94.0000
v 57.0000 31.5000 94.0000
v 53.2010 24.5000 97.6782
v 55.7990 24.5000 99.1782
v 55.7990 31.5000 99.1782
v 53.2010 31.5000 97.6782
v 50.7010 24.5000 102.0083
v 53.2990 24.5000 103.5083
v 53.2990 31.5000 103.5083
v 50.7010 31.5000 102.0083
v 44.1651 24.5000 98.0442
v 45.6651 24.5000 100.6423
v 45.6651 31.5000 100.6423
v 44.1651 31.5000 98.0442
v 39.8349 24.5000 100.5442
v 41.3349 24.5000 103.1423
v 41.3349 31.5000 103.1423
v 39.8349 31.5000 100.5442
v 40.0000 24.5000 90.0000
v 40.0000 24.5000 93.0000
v 40.0000 31.5000 93.0000
v 40.0000 31.5000 90.0000
v 35.0000 24.5000 90.0000
v 35.0000 24.5000 93.0000
v 35.0000 31.5000 93.0000
v 35.0000 31.5000 90.0000
v 45.6651 24.5000 82.3577
v 44.1651 24.5000 84.9558
v 44.1651 31.5000 84.9558
v 45.6651 31.5000 82.3577
v 41.3349 24.5000 79.8577
v 39.8349 24.5000 82.4558
v 39.8349 31.5000 82.4558
v 41.3349 31.5000 79.8577
v 55.7990 24.5000 83.8218
v 53.2010 24.5000 85.3218
v 53.2010 31.5000 85.3218
v 55.7990 31.5000 83.8218
v 53.2990 24.5000 79.4917
v 50.7010 24.5000 80.9917
v 50.7010 31.5000 80.9917
v 53.2990 31.5000 79.4917
v 60.0000 24.5000 94.0000
v 57.0000 24.5000 94.0000
v 57.0000 31.5000 94.0000
v 60.0000 31.5000 94.0000
v 60.0000 24.5000 89.0000
v 57.0000 24.5000 89.0000
v 57.0000 31.5000 89.0000
v 60.0000 31.5000 89.0000
v 53.2990 24.5000 103.5083
v 50.7010 24.5000 102.0083
v 50.7010 31.5000 102.0083
v 53.2990 31.5000 103.5083
v 55.7990 24.5000 99.1782
v 53.2010 24.5000 97.6782
v 53.2010 31.5000 97.6782
v 55.7990 31.5000 99.1782
v 41.3349 24.5000 103.1423
v 39.8349 24.5000 100.5442
v 39.8349 31.5000 100.5442
v 41.3349 31.5000 103.1423
v 45.6651 24.5000 100.6423
v 44.1651 24.5000 98.0442
v 44.1651 31.5000 98.0442
v 45.6651 31.5000 100.6423
v 35.0000 24.5000 93.0000
v 35.0000 24.5000 90.0000
v 35.0000 31.5000 90.0000
v 35.0000 31.5000 93.0000
v 40.0000 24.5000 93.0000
v 40.0000 24.5000 90.0000
v 40.0000 31.5000 90.0000
v 40.0000 31.5000 93.0000
v 39.8349 24.5000 82.4558
v 41.3349 24.5000 79.8577
v 41.3349 31.5000 79.8577
v 39.8349 31.5000 82.4558
v 44.1651 24.5000 84.9558
v 45.6651 24.5000 82.3577
v 45.6651 31.5000 82.3577
v 44.1651 31.5000 84.9558
v 50.7010 24.5000 80.9917
v 53.2990 24.5000 79.4917
v 53.2990 31.5000 79.4917
v 50.7010 31.5000 80.9917
v 53.2010 24.5000 85.3218
v 55.7990 24.5000 83.8218
v 55.7990 31.5000 83.8218
v 53.2010 31.5000 85.3218
v 56.5000 -32.0000 91.5000
v 55.1507 -32.0000 86.9046
v 51.5310 -32.0000 83.7681
v 46.7903 -32.0000 83.0865
v 42.4337 -32.0000 85.0761
v 39.8443 -32.0000 89.1053
v 39.8443 -32.0000 93.8947
v 42.4337 -32.0000 97.9239
v 46.7903 -32.0000 99.9135
v 51.5310 -32.0000 99.2319
v 55.1507 -32.0000 96.0954
v 56.5000 -24.0000 91.5000
v 55.1507 -24.0000 86.9046
v 51.5310 -24.0000 83.7681
v 46.7903 -24.0000 83.0865
v 42.4337 -24.0000 85.0761
v 39.8443 -24.0000 89.1053
v 39.8443 -24.0000 93.8947
v 42.4337 -24.0000 97.9239
v 46.7903 -24.0000 99.9135
v 51.5310 -24.0000 99.2319
v 55.1507 -24.0000 96.0954
v 48.0000 -32.0000 91.5000
v 48.0000 -24.0000 91.5000
v 57.0000 -31.5000 89.0000
v 60.0000 -31.5000 89.0000
v 60.0000 -24.5000 89.0000
v 57.0000 -24.5000 89.0000
v 57.0000 -31.5000 94.0000
v 60.0000 -31.5000 94.0000
v 60.0000 -24.5000 94.0000
v 57.0000 -24.5000 94.0000
v 53.2010 -31.5000 97.6782
v 55.7990 -31.5000 99.1782
v 55.7990 -24.5000 99.1782
v 53.2010 -24.5000 97.6782
v 50.7010 -31.5000 102.0083
v 53.2990 -31.5000 103.5083
v 53.2990 -24.5000 103.5083
v 50.7010 -24.5000 102.0083
v 44.1651 -31.5000 98.0442
v 45.6651 -31.5000 100.6423
v 45.6651 -24.5000 100.6423
v 44.1651 -24.5000 98.0442
v 39.8349 -31.5000 100.5442
v 41.3349 -31.5000 103.1423
v 41.3349 -24.5000 103.1423
v 39.8349 -24.5000 100.5442
v 40.0000 -31.5000 90.0000
v 40.0000 -31.5000 93.0000
v 40.0000 -24.5000 93.0000
v 40.0000 -24.5000 90.0000
v 35.0000 -31.5000 90.0000
v 35.0000 -31.5000 93.0000
v 35.0000 -24.5000 93.0000
v 35.0000 -24.5000 90.0000
v 45.6651 -31.5000 82.3577
v 44.1651 -31.5000 84.9558
v 44.1651 -24.5000 84.9558
v 45.6651 -24.5000 82.3577
v 41.3349 -31.5000 79.8577
v 39.8349 -31.5000 82.4558
v 39.8349 -24.5000 82.4558
v 41.3349 -24.5000 79.8577
v 55.7990 -31.5000 83.8218
v 53.2010 -31.5000 85.3218
v 53.2010 -24.5000 85.3218
v 55.7990 -24.5000 83.8218
v 53.2990 -31.5000 79.4917
v 50.7010 -31.5000 80.9917
v 50.7010 -24.5000 80.9917
v 53.2990 -24.5000 79.4917
v 60.0000 -31.5000 94.0000
v 57.0000 -31.5000 94.0000
v 57.0000 -24.5000 94.0000
v 60.0000 -24.5000 94.0000
v 60.0000 -31.5000 89.0000
v 57.0000 -31.5000 89.0000
v 57.0000 -24.5000 89.0000
v 60.0000 -24.5000 89.0000
v 53.2990 -31.5000 103.5083
v 50.7010 -31.5000 102.0083
v 50.7010 -24.5000 102.0083
v 53.2990 -24.5000 103.5083
v 55.7990 -31.5000 99.1782
v 53.2010 -31.5000 97.6782
v 53.2010 -24.5000 97.6782
v 55.7990 -24.5000 99.1782
v 41.3349 -31.5000 103.1423
v 39.8349 -31.5000 100.5442
v 39.8349 -24.5000 100.5442
v 41.3349 -24.5000 103.1423
v 45.6651 -31.5000 100.6423
v 44.1651 -31.5000 98.0442
v 44.1651 -24.5000 98.0442
v 45.6651 -24.5000 100.6423
v 35.0000 -31.5000 93.0000
v 35.0000 -31.5000 90.0000
v 35.0000 -24.5000 90.0000
v 35.0000 -24.5000 93.0000
v 40.0000 -31.5000 93.0000
v 40.0000 -31.5000 90.0000
v 40.0000 -24.5000 90.0000
v 40.0000 -24.5000 93.0000
v 39.8349 -31.5000 82.4558
v 41.3349 -31.5000 79.8577
v 41.3349 -24.5000 79.8577
v 39.8349 -24.5000 82.4558
v 44.1651 -31.5000 84.9558
v 45.6651 -31.5000 82.3577
v 45.6651 -24.5000 82.3577
v 44.1651 -24.5000 84.9558
v 50.7010 -31.5000 80.9917
v 53.2990 -31.5000 79.4917
v 53.2990 -24.5000 79.4917
v 50.7010 -24.5000 80.9917
v 53.2010 -31.5000 85.3218
v 55.7990 -31.5000 83.8218
v 55.7990 -24.5000 83.8218
v 53.2010 -24.5000 85.3218
f 2153 2154 2165 2164
f 2154 2155 2166 2165
f 2155 2156 2167 2166
f 2156 2157 2168 2167
f 2157 2158 2169 2168
f 2158 2159 2170 2169
f 2159 2160 2171 2170
f 2160 2161 2172 2171
f 2161 2162 2173 2172
f 2162 2163 2174 2173
f 2163 2153 2164 2174
f 2175 2154 2153
f 2176 2164 2165
f 2175 2155 2154
f 2176 2165 2166
f 2175 2156 2155
f 2176 2166 2167
f 2175 2157 2156
f 2176 2167 2168
f 2175 2158 2157
f 2176 2168 2169
f 2175 2159 2158
f 2176 2169 2170
f 2175 2160 2159
f 2176 2170 2171
f 2175 2161 2160
f 2176 2171 2172
f 2175 2162 2161
f 2176 2172 2173
f 2175 2163 2162
f 2176 2173 2174
f 2175 2153 2163
f 2176 2174 2164
f 2177 2180 2179 2178
f 2181 2182 2183 2184
f 2177 2178 2182 2181
f 2180 2184 2183 2179
f 2177 2181 2184 2180
f 2178 2179 2183 2182
f 2185 2188 2187 2186
f 2189 2190 2191 2192
f 2185 2186 2190 2189
f 2188 2192 2191 2187
f 2185 2189 2192 2188
f 2186 2187 2191 2190
f 2193 2196 2195 2194
f 2197 2198 2199 2200
f 2193 2194 2198 2197
f 2196 2200 2199 2195
f 2193 2197 2200 2196
f 2194 2195 2199 2198
f 2201 2204 2203 2202
f 2205 2206 2207 2208
f 2201 2202 2206 2205
f 2204 2208 2207 2203
f 2201 2205 2208 2204
f 2202 2203 2207 2206
f 2209 2212 2211 2210
f 2213 2214 2215 2216
f 2209 2210 2214 2213
f 2212 2216 2215 2211
f 2209 2213 2216 2212
f 2210 2211 2215 2214
f 2217 2220 2219 2218
f 2221 2222 2223 2224
f 2217 2218 2222 2221
f 2220 2224 2223 2219
f 2217 2221 2224 2220
f 2218 2219 2223 2222
f 2225 2228 2227 2226
f 2229 2230 2231 2232
f 2225 2226 2230 2229
f 2228 2232 2231 2227
f 2225 2229 2232 2228
f 2226 2227 2231 2230
f 2233 2236 2235 2234
f 2237 2238 2239 2240
f 2233 2234 2238 2237
f 2236 2240 2239 2235
f 2233 2237 2240 2236
f 2234 2235 2239 2238
f 2241 2244 2243 2242
f 2245 2246 2247 2248
f 2241 2242 2246 2245
f 2244 2248 2247 2243
f 2241 2245 2248 2244
f 2242 2243 2247 2246
f 2249 2252 2251 2250
f 2253 2254 2255 2256
f 2249 2250 2254 2253
f 2252 2256 2255 2251
f 2249 2253 2256 2252
f 2250 2251 2255 2254
f 2257 2260 2259 2258
f 2261 2262 2263 2264
f 2257 2258 2262 2261
f 2260 2264 2263 2259
f 2257 2261 2264 2260
f 2258 2259 2263 2262
f 2265 2268 2267 2266
f 2269 2270 2271 2272
f 2265 2266 2270 2269
f 2268 2272 2271 2267
f 2265 2269 2272 2268
f 2266 2267 2271 2270
f 2273 2274 2285 2284
f 2274 2275 2286 2285
f 2275 2276 2287 2286
f 2276 2277 2288 2287
f 2277 2278 2289 2288
f 2278 2279 2290 2289
f 2279 2280 2291 2290
f 2280 2281 2292 2291
f 2281 2282 2293 2292
f 2282 2283 2294 2293
f 2283 2273 2284 2294
f 2295 2274 2273
f 2296 2284 2285
f 2295 2275 2274
f 2296 2285 2286
f 2295 2276 2275
f 2296 2286 2287
f 2295 2277 2276
f 2296 2287 2288
f 2295 2278 2277
f 2296 2288 2289
f 2295 2279 2278
f 2296 2289 2290
f 2295 2280 2279
f 2296 2290 2291
f 2295 2281 2280
f 2296 2291 2292
f 2295 2282 2281
f 2296 2292 2293
f 2295 2283 2282
f 2296 2293 2294
f 2295 2273 2283
f 2296 2294 2284
f 2297 2300 2299 2298
f 2301 2302 2303 2304
f 2297 2298 2302 2301
f 2300 2304 2303 2299
f 2297 2301 2304 2300
f 2298 2299 2303 2302
f 2305 2308 2307 2306
f 2309 2310 2311 2312
f 2305 2306 2310 2309
f 2308 2312 2311 2307
f 2305 2309 2312 2308
f 2306 2307 2311 2310
f 2313 2316 2315 2314
f 2317 2318 2319 2320
f 2313 2314 2318 2317
f 2316 2320 2319 2315
f 2313 2317 2320 2316
f 2314 2315 2319 2318
f 2321 2324 2323 2322
f 2325 2326 2327 2328
f 2321 2322 2326 2325
f 2324 2328 2327 2323
f 2321 2325 2328 2324
f 2322 2323 2327 2326
f 2329 2332 2331 2330
f 2333 2334 2335 2336
f 2329 2330 2334 2333
f 2332 2336 2335 2331
f 2329 2333 2336 2332
f 2330 2331 2335 2334
f 2337 2340 2339 2338
f 2341 2342 2343 2344
f 2337 2338 2342 2341
f 2340 2344 2343 2339
f 2337 2341 2344 2340
f 2338 2339 2343 2342
f 2345 2348 2347 2346
f 2349 2350 2351 2352
f 2345 2346 2350 2349
f 2348 2352 2351 2347
f 2345 2349 2352 2348
f 2346 2347 2351 2350
f 2353 2356 2355 2354
f 2357 2358 2359 2360
f 2353 2354 2358 2357
f 2356 2360 2359 2355
f 2353 2357 2360 2356
f 2354 2355 2359 2358
f 2361 2364 2363 2362
f 2365 2366 2367 2368
f 2361 2362 2366 2365
f 2364 2368 2367 2363
f 2361 2365 2368 2364
f 2362 2363 2367 2366
f 2369 2372 2371 2370
f 2373 2374 2375 2376
f 2369 2370 2374 2373
f 2372 2376 2375 2371
f 2369 2373 2376 2372
f 2370 2371 2375 2374
f 2377 2380 2379 2378
f 2381 2382 2383 2384
f 2377 2378 2382 2381
f 2380 2384 2383 2379
f 2377 2381 2384 2380
f 2378 2379 2383 2382
f 2385 2388 2387 2386
f 2389 2390 2391 2392
f 2385 2386 2390 2389
f 2388 2392 2391 2387
f 2385 2389 2392 2388
f 2386 2387 2391 2390
f 2393 2394 2405 2404
f 2394 2395 2406 2405
f 2395 2396 2407 2406
f 2396 2397 2408 2407
f 2397 2398 2409 2408
f 2398 2399 2410 2409
f 2399 2400 2411 2410
f 2400 2401 2412 2411
f 2401 2402 2413 2412
f 2402 2403 2414 2413
f 2403 2393 2404 2414
f 2415 2394 2393
f 2416 2404 2405
f 2415 2395 2394
f 2416 2405 2406
f 2415 2396 2395
f 2416 2406 2407
f 2415 2397 2396
f 2416 2407 2408
f 2415 2398 2397
f 2416 2408 2409
f 2415 2399 2398
f 2416 2409 2410
f 2415 2400 2399
f 2416 2410 2411
f 2415 2401 2400
f 2416 2411 2412
f 2415 2402 2401
f 2416 2412 2413
f 2415 2403 2402
f 2416 2413 2414
f 2415 2393 2403
f 2416 2414 2404
f 2417 2420 2419 2418
f 2421 2422 2423 2424
f 2417 2418 2422 2421
f 2420 2424 2423 2419
f 2417 2421 2424 2420
f 2418 2419 2423 2422
f 2425 2428 2427 2426
f 2429 2430 2431 2432
f 2425 2426 2430 2429
f 2428 2432 2431 2427
f 2425 2429 2432 2428
f 2426 2427 2431 2430
f 2433 2436 2435 2434
f 2437 2438 2439 2440
f 2433 2434 2438 2437
f 2436 2440 2439 2435
f 2433 2437 2440 2436
f 2434 2435 2439 2438
f 2441 2444 2443 2442
f 2445 2446 2447 2448
f 2441 2442 2446 2445
f 2444 2448 2447 2443
f 2441 2445 2448 2444
f 2442 2443 2447 2446
f 2449 2452 2451 2450
f 2453 2454 2455 2456
f 2449 2450 2454 2453
f 2452 2456 2455 2451
f 2449 2453 2456 2452
f 2450 2451 2455 2454
f 2457 2460 2459 2458
f 2461 2462 2463 2464
f 2457 2458 2462 2461
f 2460 2464 2463 2459
f 2457 2461 2464 2460
f 2458 2459 2463 2462
f 2465 2468 2467 2466
f 2469 2470 2471 2472
f 2465 2466 2470 2469
f 2468 2472 2471 2467
f 2465 2469 2472 2468
f 2466 2467 2471 2470
f 2473 2476 2475 2474
f 2477 2478 2479 2480
f 2473 2474 2478 2477
f 2476 2480 2479 2475
f 2473 2477 2480 2476
f 2474 2475 2479 2478
f 2481 2484 2483 2482
f 2485 2486 2487 2488
f 2481 2482 2486 2485
f 2484 2488 2487 2483
f 2481 2485 2488 2484
f 2482 2483 2487 2486
f 2489 2492 2491 2490
f 2493 2494 2495 2496
f 2489 2490 2494 2493
f 2492 2496 2495 2491
f 2489 2493 2496 2492
f 2490 2491 2495 2494
f 2497 2500 2499 2498
f 2501 2502 2503 2504
f 2497 2498 2502 2501
f 2500 2504 2503 2499
f 2497 2501 2504 2500
f 2498 2499 2503 2502
f 2505 2508 2507 2506
f 2509 2510 2511 2512
f 2505 2506 2510 2509
f 2508 2512 2511 2507
f 2505 2509 2512 2508
f 2506 2507 2511 2510
f 2513 2514 2525 2524
f 2514 2515 2526 2525
f 2515 2516 2527 2526
f 2516 2517 2528 2527
f 2517 2518 2529 2528
f 2518 2519 2530 2529
f 2519 2520 2531 2530
f 2520 2521 2532 2531
f 2521 2522 2533 2532
f 2522 2523 2534 2533
f 2523 2513 2524 2534
f 2535 2514 2513
f 2536 2524 2525
f 2535 2515 2514
f 2536 2525 2526
f 2535 2516 2515
f 2536 2526 2527
f 2535 2517 2516
f 2536 2527 2528
f 2535 2518 2517
f 2536 2528 2529
f 2535 2519 2518
f 2536 2529 2530
f 2535 2520 2519
f 2536 2530 2531
f 2535 2521 2520
f 2536 2531 2532
f 2535 2522 2521
f 2536 2532 2533
f 2535 2523 2522
f 2536 2533 2534
f 2535 2513 2523
f 2536 2534 2524
f 2537 2540 2539 2538
f 2541 2542 2543 2544
f 2537 2538 2542 2541
f 2540 2544 2543 2539
f 2537 2541 2544 2540
f 2538 2539 2543 2542
f 2545 2548 2547 2546
f 2549 2550 2551 2552
f 2545 2546 2550 2549
f 2548 2552 2551 2547
f 2545 2549 2552 2548
f 2546 2547 2551 2550
f 2553 2556 2555 2554
f 2557 2558 2559 2560
f 2553 2554 2558 2557
f 2556 2560 2559 2555
f 2553 2557 2560 2556
f 2554 2555 2559 2558
f 2561 2564 2563 2562
f 2565 2566 2567 2568
f 2561 2562 2566 2565
f 2564 2568 2567 2563
f 2561 2565 2568 2564
f 2562 2563 2567 2566
f 2569 2572 2571 2570
f 2573 2574 2575 2576
f 2569 2570 2574 2573
f 2572 2576 2575 2571
f 2569 2573 2576 2572
f 2570 2571 2575 2574
f 2577 2580 2579 2578
f 2581 2582 2583 2584
f 2577 2578 2582 2581
f 2580 2584 2583 2579
f 2577 2581 2584 2580
f 2578 2579 2583 2582
f 2585 2588 2587 2586
f 2589 2590 2591 2592
f 2585 2586 2590 2589
f 2588 2592 2591 2587
f 2585 2589 2592 2588
f 2586 2587 2591 2590
f 2593 2596 2595 2594
f 2597 2598 2599 2600
f 2593 2594 2598 2597
f 2596 2600 2599 2595
f 2593 2597 2600 2596
f 2594 2595 2599 2598
f 2601 2604 2603 2602
f 2605 2606 2607 2608
f 2601 2602 2606 2605
f 2604 2608 2607 2603
f 2601 2605 2608 2604
f 2602 2603 2607 2606
f 2609 2612 2611 2610
f 2613 2614 2615 2616
f 2609 2610 2614 2613
f 2612 2616 2615 2611
f 2609 2613 2616 2612
f 2610 2611 2615 2614
f 2617 2620 2619 2618
f 2621 2622 2623 2624
f 2617 2618 2622 2621
f 2620 2624 2623 2619
f 2617 2621 2624 2620
f 2618 2619 2623 2622
f 2625 2628 2627 2626
f 2629 2630 2631 2632
f 2625 2626 2630 2629
f 2628 2632 2631 2627
f 2625 2629 2632 2628
f 2626 2627 2631 2630

o PINONES_MOTORES
usemtl metal_dark
v -14.5000 68.0000 -70.0000
v -15.8493 68.0000 -74.5954
v -19.4690 68.0000 -77.7319
v -24.2097 68.0000 -78.4135
v -28.5663 68.0000 -76.4239
v -31.1557 68.0000 -72.3947
v -31.1557 68.0000 -67.6053
v -28.5663 68.0000 -63.5761
v -24.2097 68.0000 -61.5865
v -19.4690 68.0000 -62.2681
v -15.8493 68.0000 -65.4046
v -14.5000 76.0000 -70.0000
v -15.8493 76.0000 -74.5954
v -19.4690 76.0000 -77.7319
v -24.2097 76.0000 -78.4135
v -28.5663 76.0000 -76.4239
v -31.1557 76.0000 -72.3947
v -31.1557 76.0000 -67.6053
v -28.5663 76.0000 -63.5761
v -24.2097 76.0000 -61.5865
v -19.4690 76.0000 -62.2681
v -15.8493 76.0000 -65.4046
v -23.0000 68.0000 -70.0000
v -23.0000 76.0000 -70.0000
v -14.0000 68.5000 -72.5000
v -11.0000 68.5000 -72.5000
v -11.0000 75.5000 -72.5000
v -14.0000 75.5000 -72.5000
v -14.0000 68.5000 -67.5000
v -11.0000 68.5000 -67.5000
v -11.0000 75.5000 -67.5000
v -14.0000 75.5000 -67.5000
v -17.7990 68.5000 -63.8218
v -15.2010 68.5000 -62.3218
v -15.2010 75.5000 -62.3218
v -17.7990 75.5000 -63.8218
v -20.2990 68.5000 -59.4917
v -17.7010 68.5000 -57.9917
v -17.7010 75.5000 -57.9917
v -20.2990 75.5000 -59.4917
v -26.8349 68.5000 -63.4558
v -25.3349 68.5000 -60.8577
v -25.3349 75.5000 -60.8577
v -26.8349 75.5000 -63.4558
v -31.1651 68.5000 -60.9558
v -29.6651 68.5000 -58.3577
v -29.6651 75.5000 -58.3577
v -31.1651 75.5000 -60.9558
v -31.0000 68.5000 -71.5000
v -31.0000 68.5000 -68.5000
v -31.0000 75.5000 -68.5000
v -31.0000 75.5000 -71.5000
v -36.0000 68.5000 -71.5000
v -36.0000 68.5000 -68.5000
v -36.0000 75.5000 -68.5000
v -36.0000 75.5000 -71.5000
v -25.3349 68.5000 -79.1423
v -26.8349 68.5000 -76.5442
v -26.8349 75.5000 -76.5442
v -25.3349 75.5000 -79.1423
v -29.6651 68.5000 -81.6423
v -31.1651 68.5000 -79.0442
v -31.1651 75.5000 -79.0442
v -29.6651 75.5000 -81.6423
v -15.2010 68.5000 -77.6782
v -17.7990 68.5000 -76.1782
v -17.7990 75.5000 -76.1782
v -15.2010 75.5000 -77.6782
v -17.7010 68.5000 -82.0083
v -20.2990 68.5000 -80.5083
v -20.2990 75.5000 -80.5083
v -17.7010 75.5000 -82.0083
v -11.0000 68.5000 -67.5000
v -14.0000 68.5000 -67.5000
v -14.0000 75.5000 -67.5000
v -11.0000 75.5000 -67.5000
v -11.0000 68.5000 -72.5000
v -14.0000 68.5000 -72.5000
v -14.0000 75.5000 -72.5000
v -11.0000 75.5000 -72.5000
v -17.7010 68.5000 -57.9917
v -20.2990 68.5000 -59.4917
v -20.2990 75.5000 -59.4917
v -17.7010 75.5000 -57.9917
v -15.2010 68.5000 -62.3218
v -17.7990 68.5000 -63.8218
v -17.7990 75.5000 -63.8218
v -15.2010 75.5000 -62.3218
v -29.6651 68.5000 -58.3577
v -31.1651 68.5000 -60.9558
v -31.1651 75.5000 -60.9558
v -29.6651 75.5000 -58.3577
v -25.3349 68.5000 -60.8577
v -26.8349 68.5000 -63.4558
v -26.8349 75.5000 -63.4558
v -25.3349 75.5000 -60.8577
v -36.0000 68.5000 -68.5000
v -36.0000 68.5000 -71.5000
v -36.0000 75.5000 -71.5000
v -36.0000 75.5000 -68.5000
v -31.0000 68.5000 -68.5000
v -31.0000 68.5000 -71.5000
v -31.0000 75.5000 -71.5000
v -31.0000 75.5000 -68.5000
v -31.1651 68.5000 -79.0442
v -29.6651 68.5000 -81.6423
v -29.6651 75.5000 -81.6423
v -31.1651 75.5000 -79.0442
v -26.8349 68.5000 -76.5442
v -25.3349 68.5000 -79.1423
v -25.3349 75.5000 -79.1423
v -26.8349 75.5000 -76.5442
v -20.2990 68.5000 -80.5083
v -17.7010 68.5000 -82.0083
v -17.7010 75.5000 -82.0083
v -20.2990 75.5000 -80.5083
v -17.7990 68.5000 -76.1782
v -15.2010 68.5000 -77.6782
v -15.2010 75.5000 -77.6782
v -17.7990 75.5000 -76.1782
v 31.5000 -76.0000 -70.0000
v 30.1507 -76.0000 -74.5954
v 26.5310 -76.0000 -77.7319
v 21.7903 -76.0000 -78.4135
v 17.4337 -76.0000 -76.4239
v 14.8443 -76.0000 -72.3947
v 14.8443 -76.0000 -67.6053
v 17.4337 -76.0000 -63.5761
v 21.7903 -76.0000 -61.5865
v 26.5310 -76.0000 -62.2681
v 30.1507 -76.0000 -65.4046
v 31.5000 -68.0000 -70.0000
v 30.1507 -68.0000 -74.5954
v 26.5310 -68.0000 -77.7319
v 21.7903 -68.0000 -78.4135
v 17.4337 -68.0000 -76.4239
v 14.8443 -68.0000 -72.3947
v 14.8443 -68.0000 -67.6053
v 17.4337 -68.0000 -63.5761
v 21.7903 -68.0000 -61.5865
v 26.5310 -68.0000 -62.2681
v 30.1507 -68.0000 -65.4046
v 23.0000 -76.0000 -70.0000
v 23.0000 -68.0000 -70.0000
v 32.0000 -75.5000 -72.5000
v 35.0000 -75.5000 -72.5000
v 35.0000 -68.5000 -72.5000
v 32.0000 -68.5000 -72.5000
v 32.0000 -75.5000 -67.5000
v 35.0000 -75.5000 -67.5000
v 35.0000 -68.5000 -67.5000
v 32.0000 -68.5000 -67.5000
v 28.2010 -75.5000 -63.8218
v 30.7990 -75.5000 -62.3218
v 30.7990 -68.5000 -62.3218
v 28.2010 -68.5000 -63.8218
v 25.7010 -75.5000 -59.4917
v 28.2990 -75.5000 -57.9917
v 28.2990 -68.5000 -57.9917
v 25.7010 -68.5000 -59.4917
v 19.1651 -75.5000 -63.4558
v 20.6651 -75.5000 -60.8577
v 20.6651 -68.5000 -60.8577
v 19.1651 -68.5000 -63.4558
v 14.8349 -75.5000 -60.9558
v 16.3349 -75.5000 -58.3577
v 16.3349 -68.5000 -58.3577
v 14.8349 -68.5000 -60.9558
v 15.0000 -75.5000 -71.5000
v 15.0000 -75.5000 -68.5000
v 15.0000 -68.5000 -68.5000
v 15.0000 -68.5000 -71.5000
v 10.0000 -75.5000 -71.5000
v 10.0000 -75.5000 -68.5000
v 10.0000 -68.5000 -68.5000
v 10.0000 -68.5000 -71.5000
v 20.6651 -75.5000 -79.1423
v 19.1651 -75.5000 -76.5442
v 19.1651 -68.5000 -76.5442
v 20.6651 -68.5000 -79.1423
v 16.3349 -75.5000 -81.6423
v 14.8349 -75.5000 -79.0442
v 14.8349 -68.5000 -79.0442
v 16.3349 -68.5000 -81.6423
v 30.7990 -75.5000 -77.6782
v 28.2010 -75.5000 -76.1782
v 28.2010 -68.5000 -76.1782
v 30.7990 -68.5000 -77.6782
v 28.2990 -75.5000 -82.0083
v 25.7010 -75.5000 -80.5083
v 25.7010 -68.5000 -80.5083
v 28.2990 -68.5000 -82.0083
v 35.0000 -75.5000 -67.5000
v 32.0000 -75.5000 -67.5000
v 32.0000 -68.5000 -67.5000
v 35.0000 -68.5000 -67.5000
v 35.0000 -75.5000 -72.5000
v 32.0000 -75.5000 -72.5000
v 32.0000 -68.5000 -72.5000
v 35.0000 -68.5000 -72.5000
v 28.2990 -75.5000 -57.9917
v 25.7010 -75.5000 -59.4917
v 25.7010 -68.5000 -59.4917
v 28.2990 -68.5000 -57.9917
v 30.7990 -75.5000 -62.3218
v 28.2010 -75.5000 -63.8218
v 28.2010 -68.5000 -63.8218
v 30.7990 -68.5000 -62.3218
v 16.3349 -75.5000 -58.3577
v 14.8349 -75.5000 -60.9558
v 14.8349 -68.5000 -60.9558
v 16.3349 -68.5000 -58.3577
v 20.6651 -75.5000 -60.8577
v 19.1651 -75.5000 -63.4558
v 19.1651 -68.5000 -63.4558
v 20.6651 -68.5000 -60.8577
v 10.0000 -75.5000 -68.5000
v 10.0000 -75.5000 -71.5000
v 10.0000 -68.5000 -71.5000
v 10.0000 -68.5000 -68.5000
v 15.0000 -75.5000 -68.5000
v 15.0000 -75.5000 -71.5000
v 15.0000 -68.5000 -71.5000
v 15.0000 -68.5000 -68.5000
v 14.8349 -75.5000 -79.0442
v 16.3349 -75.5000 -81.6423
v 16.3349 -68.5000 -81.6423
v 14.8349 -68.5000 -79.0442
v 19.1651 -75.5000 -76.5442
v 20.6651 -75.5000 -79.1423
v 20.6651 -68.5000 -79.1423
v 19.1651 -68.5000 -76.5442
v 25.7010 -75.5000 -80.5083
v 28.2990 -75.5000 -82.0083
v 28.2990 -68.5000 -82.0083
v 25.7010 -68.5000 -80.5083
v 28.2010 -75.5000 -76.1782
v 30.7990 -75.5000 -77.6782
v 30.7990 -68.5000 -77.6782
v 28.2010 -68.5000 -76.1782
f 2633 2634 2645 2644
f 2634 2635 2646 2645
f 2635 2636 2647 2646
f 2636 2637 2648 2647
f 2637 2638 2649 2648
f 2638 2639 2650 2649
f 2639 2640 2651 2650
f 2640 2641 2652 2651
f 2641 2642 2653 2652
f 2642 2643 2654 2653
f 2643 2633 2644 2654
f 2655 2634 2633
f 2656 2644 2645
f 2655 2635 2634
f 2656 2645 2646
f 2655 2636 2635
f 2656 2646 2647
f 2655 2637 2636
f 2656 2647 2648
f 2655 2638 2637
f 2656 2648 2649
f 2655 2639 2638
f 2656 2649 2650
f 2655 2640 2639
f 2656 2650 2651
f 2655 2641 2640
f 2656 2651 2652
f 2655 2642 2641
f 2656 2652 2653
f 2655 2643 2642
f 2656 2653 2654
f 2655 2633 2643
f 2656 2654 2644
f 2657 2660 2659 2658
f 2661 2662 2663 2664
f 2657 2658 2662 2661
f 2660 2664 2663 2659
f 2657 2661 2664 2660
f 2658 2659 2663 2662
f 2665 2668 2667 2666
f 2669 2670 2671 2672
f 2665 2666 2670 2669
f 2668 2672 2671 2667
f 2665 2669 2672 2668
f 2666 2667 2671 2670
f 2673 2676 2675 2674
f 2677 2678 2679 2680
f 2673 2674 2678 2677
f 2676 2680 2679 2675
f 2673 2677 2680 2676
f 2674 2675 2679 2678
f 2681 2684 2683 2682
f 2685 2686 2687 2688
f 2681 2682 2686 2685
f 2684 2688 2687 2683
f 2681 2685 2688 2684
f 2682 2683 2687 2686
f 2689 2692 2691 2690
f 2693 2694 2695 2696
f 2689 2690 2694 2693
f 2692 2696 2695 2691
f 2689 2693 2696 2692
f 2690 2691 2695 2694
f 2697 2700 2699 2698
f 2701 2702 2703 2704
f 2697 2698 2702 2701
f 2700 2704 2703 2699
f 2697 2701 2704 2700
f 2698 2699 2703 2702
f 2705 2708 2707 2706
f 2709 2710 2711 2712
f 2705 2706 2710 2709
f 2708 2712 2711 2707
f 2705 2709 2712 2708
f 2706 2707 2711 2710
f 2713 2716 2715 2714
f 2717 2718 2719 2720
f 2713 2714 2718 2717
f 2716 2720 2719 2715
f 2713 2717 2720 2716
f 2714 2715 2719 2718
f 2721 2724 2723 2722
f 2725 2726 2727 2728
f 2721 2722 2726 2725
f 2724 2728 2727 2723
f 2721 2725 2728 2724
f 2722 2723 2727 2726
f 2729 2732 2731 2730
f 2733 2734 2735 2736
f 2729 2730 2734 2733
f 2732 2736 2735 2731
f 2729 2733 2736 2732
f 2730 2731 2735 2734
f 2737 2740 2739 2738
f 2741 2742 2743 2744
f 2737 2738 2742 2741
f 2740 2744 2743 2739
f 2737 2741 2744 2740
f 2738 2739 2743 2742
f 2745 2748 2747 2746
f 2749 2750 2751 2752
f 2745 2746 2750 2749
f 2748 2752 2751 2747
f 2745 2749 2752 2748
f 2746 2747 2751 2750
f 2753 2754 2765 2764
f 2754 2755 2766 2765
f 2755 2756 2767 2766
f 2756 2757 2768 2767
f 2757 2758 2769 2768
f 2758 2759 2770 2769
f 2759 2760 2771 2770
f 2760 2761 2772 2771
f 2761 2762 2773 2772
f 2762 2763 2774 2773
f 2763 2753 2764 2774
f 2775 2754 2753
f 2776 2764 2765
f 2775 2755 2754
f 2776 2765 2766
f 2775 2756 2755
f 2776 2766 2767
f 2775 2757 2756
f 2776 2767 2768
f 2775 2758 2757
f 2776 2768 2769
f 2775 2759 2758
f 2776 2769 2770
f 2775 2760 2759
f 2776 2770 2771
f 2775 2761 2760
f 2776 2771 2772
f 2775 2762 2761
f 2776 2772 2773
f 2775 2763 2762
f 2776 2773 2774
f 2775 2753 2763
f 2776 2774 2764
f 2777 2780 2779 2778
f 2781 2782 2783 2784
f 2777 2778 2782 2781
f 2780 2784 2783 2779
f 2777 2781 2784 2780
f 2778 2779 2783 2782
f 2785 2788 2787 2786
f 2789 2790 2791 2792
f 2785 2786 2790 2789
f 2788 2792 2791 2787
f 2785 2789 2792 2788
f 2786 2787 2791 2790
f 2793 2796 2795 2794
f 2797 2798 2799 2800
f 2793 2794 2798 2797
f 2796 2800 2799 2795
f 2793 2797 2800 2796
f 2794 2795 2799 2798
f 2801 2804 2803 2802
f 2805 2806 2807 2808
f 2801 2802 2806 2805
f 2804 2808 2807 2803
f 2801 2805 2808 2804
f 2802 2803 2807 2806
f 2809 2812 2811 2810
f 2813 2814 2815 2816
f 2809 2810 2814 2813
f 2812 2816 2815 2811
f 2809 2813 2816 2812
f 2810 2811 2815 2814
f 2817 2820 2819 2818
f 2821 2822 2823 2824
f 2817 2818 2822 2821
f 2820 2824 2823 2819
f 2817 2821 2824 2820
f 2818 2819 2823 2822
f 2825 2828 2827 2826
f 2829 2830 2831 2832
f 2825 2826 2830 2829
f 2828 2832 2831 2827
f 2825 2829 2832 2828
f 2826 2827 2831 2830
f 2833 2836 2835 2834
f 2837 2838 2839 2840
f 2833 2834 2838 2837
f 2836 2840 2839 2835
f 2833 2837 2840 2836
f 2834 2835 2839 2838
f 2841 2844 2843 2842
f 2845 2846 2847 2848
f 2841 2842 2846 2845
f 2844 2848 2847 2843
f 2841 2845 2848 2844
f 2842 2843 2847 2846
f 2849 2852 2851 2850
f 2853 2854 2855 2856
f 2849 2850 2854 2853
f 2852 2856 2855 2851
f 2849 2853 2856 2852
f 2850 2851 2855 2854
f 2857 2860 2859 2858
f 2861 2862 2863 2864
f 2857 2858 2862 2861
f 2860 2864 2863 2859
f 2857 2861 2864 2860
f 2858 2859 2863 2862
f 2865 2868 2867 2866
f 2869 2870 2871 2872
f 2865 2866 2870 2869
f 2868 2872 2871 2867
f 2865 2869 2872 2868
f 2866 2867 2871 2870

o CADENA_MOTOR_A
usemtl metal_steel
v 12.5713 68.5000 5.0303
v 10.0713 68.5000 2.5303
v 7.5713 68.5000 5.0303
v 10.0713 68.5000 7.5303
v 12.5713 75.5000 5.0303
v 10.0713 75.5000 2.5303
v 7.5713 75.5000 5.0303
v 10.0713 75.5000 7.5303
v 10.0713 68.5000 5.0303
v 10.0713 75.5000 5.0303
v 10.1088 75.5000 12.2289
v 6.1970 75.5000 -1.0371
v 6.1970 77.5000 -1.0371
v 10.1088 77.5000 12.2289
v 13.9455 75.5000 11.0976
v 10.0337 75.5000 -2.1684
v 10.0337 77.5000 -2.1684
v 13.9455 77.5000 11.0976
v 10.1088 66.5000 12.2289
v 6.1970 66.5000 -1.0371
v 6.1970 68.5000 -1.0371
v 10.1088 68.5000 12.2289
v 13.9455 66.5000 11.0976
v 10.0337 66.5000 -2.1684
v 10.0337 68.5000 -2.1684
v 13.9455 68.5000 11.0976
v 9.1697 68.5000 -6.5054
v 6.6697 68.5000 -9.0054
v 4.1697 68.5000 -6.5054
v 6.6697 68.5000 -4.0054
v 9.1697 75.5000 -6.5054
v 6.6697 75.5000 -9.0054
v 4.1697 75.5000 -6.5054
v 6.6697 75.5000 -4.0054
v 6.6697 68.5000 -6.5054
v 6.6697 75.5000 -6.5054
v 6.7073 75.5000 0.6933
v 2.7955 75.5000 -12.5728
v 2.7955 77.5000 -12.5728
v 6.7073 77.5000 0.6933
v 10.5440 75.5000 -0.4381
v 6.6322 75.5000 -13.7041
v 6.6322 77.5000 -13.7041
v 10.5440 77.5000 -0.4381
v 6.7073 66.5000 0.6933
v 2.7955 66.5000 -12.5728
v 2.7955 68.5000 -12.5728
v 6.7073 68.5000 0.6933
v 10.5440 66.5000 -0.4381
v 6.6322 66.5000 -13.7041
v 6.6322 68.5000 -13.7041
v 10.5440 68.5000 -0.4381
v 5.7682 68.5000 -18.0411
v 3.2682 68.5000 -20.5411
v 0.7682 68.5000 -18.0411
v 3.2682 68.5000 -15.5411
v 5.7682 75.5000 -18.0411
v 3.2682 75.5000 -20.5411
v 0.7682 75.5000 -18.0411
v 3.2682 75.5000 -15.5411
v 3.2682 68.5000 -18.0411
v 3.2682 75.5000 -18.0411
v 3.3057 75.5000 -10.8424
v -0.6060 75.5000 -24.1085
v -0.6060 77.5000 -24.1085
v 3.3057 77.5000 -10.8424
v 7.1424 75.5000 -11.9738
v 3.2306 75.5000 -25.2398
v 3.2306 77.5000 -25.2398
v 7.1424 77.5000 -11.9738
v 3.3057 66.5000 -10.8424
v -0.6060 66.5000 -24.1085
v -0.6060 68.5000 -24.1085
v 3.3057 68.5000 -10.8424
v 7.1424 66.5000 -11.9738
v 3.2306 66.5000 -25.2398
v 3.2306 68.5000 -25.2398
v 7.1424 68.5000 -11.9738
v 2.3666 68.5000 -29.5768
v -0.1334 68.5000 -32.0768
v -2.6334 68.5000 -29.5768
v -0.1334 68.5000 -27.0768
v 2.3666 75.5000 -29.5768
v -0.1334 75.5000 -32.0768
v -2.6334 75.5000 -29.5768
v -0.1334 75.5000 -27.0768
v -0.1334 68.5000 -29.5768
v -0.1334 75.5000 -29.5768
v -0.0958 75.5000 -22.3781
v -4.0076 75.5000 -35.6442
v -4.0076 77.5000 -35.6442
v -0.0958 77.5000 -22.3781
v 3.7409 75.5000 -23.5094
v -0.1709 75.5000 -36.7755
v -0.1709 77.5000 -36.7755
v 3.7409 77.5000 -23.5094
v -0.0958 66.5000 -22.3781
v -4.0076 66.5000 -35.6442
v -4.0076 68.5000 -35.6442
v -0.0958 68.5000 -22.3781
v 3.7409 66.5000 -23.5094
v -0.1709 66.5000 -36.7755
v -0.1709 68.5000 -36.7755
v 3.7409 68.5000 -23.5094
v -1.0349 68.5000 -41.1125
v -3.5349 68.5000 -43.6125
v -6.0349 68.5000 -41.1125
v -3.5349 68.5000 -38.6125
v -1.0349 75.5000 -41.1125
v -3.5349 75.5000 -43.6125
v -6.0349 75.5000 -41.1125
v -3.5349 75.5000 -38.6125
v -3.5349 68.5000 -41.1125
v -3.5349 75.5000 -41.1125
v -3.4974 75.5000 -33.9138
v -7.4091 75.5000 -47.1799
v -7.4091 77.5000 -47.1799
v -3.4974 77.5000 -33.9138
v 0.3393 75.5000 -35.0451
v -3.5725 75.5000 -48.3112
v -3.5725 77.5000 -48.3112
v 0.3393 77.5000 -35.0451
v -3.4974 66.5000 -33.9138
v -7.4091 66.5000 -47.1799
v -7.4091 68.5000 -47.1799
v -3.4974 68.5000 -33.9138
v 0.3393 66.5000 -35.0451
v -3.5725 66.5000 -48.3112
v -3.5725 68.5000 -48.3112
v 0.3393 68.5000 -35.0451
v -4.4365 68.5000 -52.6482
v -6.9365 68.5000 -55.1482
v -9.4365 68.5000 -52.6482
v -6.9365 68.5000 -50.1482
v -4.4365 75.5000 -52.6482
v -6.9365 75.5000 -55.1482
v -9.4365 75.5000 -52.6482
v -6.9365 75.5000 -50.1482
v -6.9365 68.5000 -52.6482
v -6.9365 75.5000 -52.6482
v -6.8989 75.5000 -45.4495
v -10.8107 75.5000 -58.7155
v -10.8107 77.5000 -58.7155
v -6.8989 77.5000 -45.4495
v -3.0622 75.5000 -46.5808
v -6.9740 75.5000 -59.8469
v -6.9740 77.5000 -59.8469
v -3.0622 77.5000 -46.5808
v -6.8989 66.5000 -45.4495
v -10.8107 66.5000 -58.7155
v -10.8107 68.5000 -58.7155
v -6.8989 68.5000 -45.4495
v -3.0622 66.5000 -46.5808
v -6.9740 66.5000 -59.8469
v -6.9740 68.5000 -59.8469
v -3.0622 68.5000 -46.5808
v -7.8380 68.5000 -64.1839
v -10.3380 68.5000 -66.6839
v -12.8380 68.5000 -64.1839
v -10.3380 68.5000 -61.6839
v -7.8380 75.5000 -64.1839
v -10.3380 75.5000 -66.6839
v -12.8380 75.5000 -64.1839
v -10.3380 75.5000 -61.6839
v -10.3380 68.5000 -64.1839
v -10.3380 75.5000 -64.1839
v -10.0452 75.5000 -57.0114
v -14.4238 75.5000 -70.0861
v -14.4238 77.5000 -70.0861
v -10.0452 77.5000 -57.0114
v -6.2522 75.5000 -58.2816
v -10.6309 75.5000 -71.3564
v -10.6309 77.5000 -71.3564
v -6.2522 77.5000 -58.2816
v -10.0452 66.5000 -57.0114
v -14.4238 66.5000 -70.0861
v -14.4238 68.5000 -70.0861
v -10.0452 68.5000 -57.0114
v -6.2522 66.5000 -58.2816
v -10.6309 66.5000 -71.3564
v -10.6309 68.5000 -71.3564
v -6.2522 68.5000 -58.2816
v -11.6456 68.5000 -75.5532
v -14.1456 68.5000 -78.0532
v -16.6456 68.5000 -75.5532
v -14.1456 68.5000 -73.0532
v -11.6456 75.5000 -75.5532
v -14.1456 75.5000 -78.0532
v -16.6456 75.5000 -75.5532
v -14.1456 75.5000 -73.0532
v -14.1456 68.5000 -75.5532
v -14.1456 75.5000 -75.5532
v -9.0833 75.5000 -70.9745
v -20.9040 75.5000 -76.5094
v -20.9040 77.5000 -76.5094
v -9.0833 77.5000 -70.9745
v -7.3871 75.5000 -74.5970
v -19.2078 75.5000 -80.1320
v -19.2078 77.5000 -80.1320
v -7.3871 77.5000 -74.5970
v -9.0833 66.5000 -70.9745
v -20.9040 66.5000 -76.5094
v -20.9040 68.5000 -76.5094
v -9.0833 68.5000 -70.9745
v -7.3871 66.5000 -74.5970
v -19.2078 66.5000 -80.1320
v -19.2078 68.5000 -80.1320
v -7.3871 68.5000 -74.5970
v -21.9244 68.5000 -80.3662
v -24.4244 68.5000 -82.8662
v -26.9244 68.5000 -80.3662
v -24.4244 68.5000 -77.8662
v -21.9244 75.5000 -80.3662
v -24.4244 75.5000 -82.8662
v -26.9244 75.5000 -80.3662
v -24.4244 75.5000 -77.8662
v -24.4244 68.5000 -80.3662
v -24.4244 75.5000 -80.3662
v -18.1593 75.5000 -83.1018
v -28.0864 75.5000 -74.5935
v -28.0864 77.5000 -74.5935
v -18.1593 77.5000 -83.1018
v -20.7624 75.5000 -86.1389
v -30.6895 75.5000 -77.6306
v -30.6895 77.5000 -77.6306
v -20.7624 77.5000 -86.1389
v -18.1593 66.5000 -83.1018
v -28.0864 66.5000 -74.5935
v -28.0864 68.5000 -74.5935
v -18.1593 68.5000 -83.1018
v -20.7624 66.5000 -86.1389
v -30.6895 66.5000 -77.6306
v -30.6895 68.5000 -77.6306
v -20.7624 68.5000 -86.1389
v -30.5566 68.5000 -72.9677
v -33.0566 68.5000 -75.4677
v -35.5566 68.5000 -72.9677
v -33.0566 68.5000 -70.4677
v -30.5566 75.5000 -72.9677
v -33.0566 75.5000 -75.4677
v -35.5566 75.5000 -72.9677
v -33.0566 75.5000 -70.4677
v -33.0566 68.5000 -72.9677
v -33.0566 75.5000 -72.9677
v -32.0466 75.5000 -79.9834
v -30.1075 75.5000 -66.5223
v -30.1075 77.5000 -66.5223
v -32.0466 77.5000 -79.9834
v -36.0057 75.5000 -79.4131
v -34.0667 75.5000 -65.9520
v -34.0667 77.5000 -65.9520
v -36.0057 77.5000 -79.4131
v -32.0466 66.5000 -79.9834
v -30.1075 66.5000 -66.5223
v -30.1075 68.5000 -66.5223
v -32.0466 68.5000 -79.9834
v -36.0057 66.5000 -79.4131
v -34.0667 66.5000 -65.9520
v -34.0667 68.5000 -65.9520
v -36.0057 68.5000 -79.4131
v -28.8705 68.5000 -61.2624
v -31.3705 68.5000 -63.7624
v -33.8705 68.5000 -61.2624
v -31.3705 68.5000 -58.7624
v -28.8705 75.5000 -61.2624
v -31.3705 75.5000 -63.7624
v -33.8705 75.5000 -61.2624
v -31.3705 75.5000 -58.7624
v -31.3705 68.5000 -61.2624
v -31.3705 75.5000 -61.2624
v -31.4081 75.5000 -68.4611
v -27.4963 75.5000 -55.1951
v -27.4963 77.5000 -55.1951
v -31.4081 77.5000 -68.4611
v -35.2447 75.5000 -67.3298
v -31.3330 75.5000 -54.0637
v -31.3330 77.5000 -54.0637
v -35.2447 77.5000 -67.3298
v -31.4081 66.5000 -68.4611
v -27.4963 66.5000 -55.1951
v -27.4963 68.5000 -55.1951
v -31.4081 68.5000 -68.4611
v -35.2447 66.5000 -67.3298
v -31.3330 66.5000 -54.0637
v -31.3330 68.5000 -54.0637
v -35.2447 68.5000 -67.3298
v -25.4690 68.5000 -49.7267
v -27.9690 68.5000 -52.2267
v -30.4690 68.5000 -49.7267
v -27.9690 68.5000 -47.2267
v -25.4690 75.5000 -49.7267
v -27.9690 75.5000 -52.2267
v -30.4690 75.5000 -49.7267
v -27.9690 75.5000 -47.2267
v -27.9690 68.5000 -49.7267
v -27.9690 75.5000 -49.7267
v -28.0065 75.5000 -56.9254
v -24.0947 75.5000 -43.6594
v -24.0947 77.5000 -43.6594
v -28.0065 77.5000 -56.9254
v -31.8432 75.5000 -55.7941
v -27.9314 75.5000 -42.5280
v -27.9314 77.5000 -42.5280
v -31.8432 77.5000 -55.7941
v -28.0065 66.5000 -56.9254
v -24.0947 66.5000 -43.6594
v -24.0947 68.5000 -43.6594
v -28.0065 68.5000 -56.9254
v -31.8432 66.5000 -55.7941
v -27.9314 66.5000 -42.5280
v -27.9314 68.5000 -42.5280
v -31.8432 68.5000 -55.7941
v -22.0674 68.5000 -38.1910
v -24.5674 68.5000 -40.6910
v -27.0674 68.5000 -38.1910
v -24.5674 68.5000 -35.6910
v -22.0674 75.5000 -38.1910
v -24.5674 75.5000 -40.6910
v -27.0674 75.5000 -38.1910
v -24.5674 75.5000 -35.6910
v -24.5674 68.5000 -38.1910
v -24.5674 75.5000 -38.1910
v -24.6050 75.5000 -45.3897
v -20.6932 75.5000 -32.1237
v -20.6932 77.5000 -32.1237
v -24.6050 77.5000 -45.3897
v -28.4416 75.5000 -44.2584
v -24.5299 75.5000 -30.9924
v -24.5299 77.5000 -30.9924
v -28.4416 77.5000 -44.2584
v -24.6050 66.5000 -45.3897
v -20.6932 66.5000 -32.1237
v -20.6932 68.5000 -32.1237
v -24.6050 68.5000 -45.3897
v -28.4416 66.5000 -44.2584
v -24.5299 66.5000 -30.9924
v -24.5299 68.5000 -30.9924
v -28.4416 68.5000 -44.2584
v -18.6659 68.5000 -26.6553
v -21.1659 68.5000 -29.1553
v -23.6659 68.5000 -26.6553
v -21.1659 68.5000 -24.1553
v -18.6659 75.5000 -26.6553
v -21.1659 75.5000 -29.1553
v -23.6659 75.5000 -26.6553
v -21.1659 75.5000 -24.1553
v -21.1659 68.5000 -26.6553
v -21.1659 75.5000 -26.6553
v -21.2034 75.5000 -33.8540
v -17.2916 75.5000 -20.5880
v -17.2916 77.5000 -20.5880
v -21.2034 77.5000 -33.8540
v -25.0401 75.5000 -32.7227
v -21.1283 75.5000 -19.4567
v -21.1283 77.5000 -19.4567
v -25.0401 77.5000 -32.7227
v -21.2034 66.5000 -33.8540
v -17.2916 66.5000 -20.5880
v -17.2916 68.5000 -20.5880
v -21.2034 68.5000 -33.8540
v -25.0401 66.5000 -32.7227
v -21.1283 66.5000 -19.4567
v -21.1283 68.5000 -19.4567
v -25.0401 68.5000 -32.7227
v -15.2643 68.5000 -15.1197
v -17.7643 68.5000 -17.6197
v -20.2643 68.5000 -15.1197
v -17.7643 68.5000 -12.6197
v -15.2643 75.5000 -15.1197
v -17.7643 75.5000 -17.6197
v -20.2643 75.5000 -15.1197
v -17.7643 75.5000 -12.6197
v -17.7643 68.5000 -15.1197
v -17.7643 75.5000 -15.1197
v -17.8019 75.5000 -22.3183
v -13.8901 75.5000 -9.0523
v -13.8901 77.5000 -9.0523
v -17.8019 77.5000 -22.3183
v -21.6385 75.5000 -21.1870
v -17.7268 75.5000 -7.9210
v -17.7268 77.5000 -7.9210
v -21.6385 77.5000 -21.1870
v -17.8019 66.5000 -22.3183
v -13.8901 66.5000 -9.0523
v -13.8901 68.5000 -9.0523
v -17.8019 68.5000 -22.3183
v -21.6385 66.5000 -21.1870
v -17.7268 66.5000 -7.9210
v -17.7268 68.5000 -7.9210
v -21.6385 68.5000 -21.1870
v -11.8628 68.5000 -3.5840
v -14.3628 68.5000 -6.0840
v -16.8628 68.5000 -3.5840
v -14.3628 68.5000 -1.0840
v -11.8628 75.5000 -3.5840
v -14.3628 75.5000 -6.0840
v -16.8628 75.5000 -3.5840
v -14.3628 75.5000 -1.0840
v -14.3628 68.5000 -3.5840
v -14.3628 75.5000 -3.5840
v -14.4003 75.5000 -10.7827
v -10.4885 75.5000 2.4834
v -10.4885 77.5000 2.4834
v -14.4003 77.5000 -10.7827
v -18.2370 75.5000 -9.6513
v -14.3252 75.5000 3.6147
v -14.3252 77.5000 3.6147
v -18.2370 77.5000 -9.6513
v -14.4003 66.5000 -10.7827
v -10.4885 66.5000 2.4834
v -10.4885 68.5000 2.4834
v -14.4003 68.5000 -10.7827
v -18.2370 66.5000 -9.6513
v -14.3252 66.5000 3.6147
v -14.3252 68.5000 3.6147
v -18.2370 68.5000 -9.6513
v -8.4612 68.5000 7.9517
v -10.9612 68.5000 5.4517
v -13.4612 68.5000 7.9517
v -10.9612 68.5000 10.4517
v -8.4612 75.5000 7.9517
v -10.9612 75.5000 5.4517
v -13.4612 75.5000 7.9517
v -10.9612 75.5000 10.4517
v -10.9612 68.5000 7.9517
v -10.9612 75.5000 7.9517
v -13.0700 75.5000 1.3449
v -5.5544 75.5000 12.2950
v -5.5544 77.5000 12.2950
v -13.0700 77.5000 1.3449
v -16.3680 75.5000 3.6084
v -8.8524 75.5000 14.5585
v -8.8524 77.5000 14.5585
v -16.3680 77.5000 3.6084
v -13.0700 66.5000 1.3449
v -5.5544 66.5000 12.2950
v -5.5544 68.5000 12.2950
v -13.0700 68.5000 1.3449
v -16.3680 66.5000 3.6084
v -8.8524 66.5000 14.5585
v -8.8524 68.5000 14.5585
v -16.3680 68.5000 3.6084
v -1.9259 68.5000 17.4736
v -4.4259 68.5000 14.9736
v -6.9259 68.5000 17.4736
v -4.4259 68.5000 19.9736
v -1.9259 75.5000 17.4736
v -4.4259 75.5000 14.9736
v -6.9259 75.5000 17.4736
v -4.4259 75.5000 19.9736
v -4.4259 68.5000 17.4736
v -4.4259 75.5000 17.4736
v -11.1669 75.5000 16.3729
v 1.7754 75.5000 14.6108
v 1.7754 77.5000 14.6108
v -11.1669 77.5000 16.3729
v -10.6272 75.5000 20.3363
v 2.3150 75.5000 18.5742
v 2.3150 77.5000 18.5742
v -10.6272 77.5000 20.3363
v -11.1669 66.5000 16.3729
v 1.7754 66.5000 14.6108
v 1.7754 68.5000 14.6108
v -11.1669 68.5000 16.3729
v -10.6272 66.5000 20.3363
v 2.3150 66.5000 18.5742
v 2.3150 68.5000 18.5742
v -10.6272 68.5000 20.3363
v 9.3282 68.5000 15.9413
v 6.8282 68.5000 13.4413
v 4.3282 68.5000 15.9413
v 6.8282 68.5000 18.4413
v 9.3282 75.5000 15.9413
v 6.8282 75.5000 13.4413
v 4.3282 75.5000 15.9413
v 6.8282 75.5000 18.4413
v 6.8282 68.5000 15.9413
v 6.8282 75.5000 15.9413
v 3.0464 75.5000 21.6453
v 6.7759 75.5000 9.0976
v 6.7759 77.5000 9.0976
v 3.0464 77.5000 21.6453
v 6.8806 75.5000 22.7849
v 10.6101 75.5000 10.2373
v 10.6101 77.5000 10.2373
v 6.8806 77.5000 22.7849
v 3.0464 66.5000 21.6453
v 6.7759 66.5000 9.0976
v 6.7759 68.5000 9.0976
v 3.0464 68.5000 21.6453
v 6.8806 66.5000 22.7849
v 10.6101 66.5000 10.2373
v 10.6101 68.5000 10.2373
v 6.8806 68.5000 22.7849
f 2873 2874 2878 2877
f 2874 2875 2879 2878
f 2875 2876 2880 2879
f 2876 2873 2877 2880
f 2881 2874 2873
f 2882 2877 2878
f 2881 2875 2874
f 2882 2878 2879
f 2881 2876 2875
f 2882 2879 2880
f 2881 2873 2876
f 2882 2880 2877
f 2883 2886 2885 2884
f 2887 2888 2889 2890
f 2883 2884 2888 2887
f 2886 2890 2889 2885
f 2883 2887 2890 2886
f 2884 2885 2889 2888
f 2891 2894 2893 2892
f 2895 2896 2897 2898
f 2891 2892 2896 2895
f 2894 2898 2897 2893
f 2891 2895 2898 2894
f 2892 2893 2897 2896
f 2899 2900 2904 2903
f 2900 2901 2905 2904
f 2901 2902 2906 2905
f 2902 2899 2903 2906
f 2907 2900 2899
f 2908 2903 2904
f 2907 2901 2900
f 2908 2904 2905
f 2907 2902 2901
f 2908 2905 2906
f 2907 2899 2902
f 2908 2906 2903
f 2909 2912 2911 2910
f 2913 2914 2915 2916
f 2909 2910 2914 2913
f 2912 2916 2915 2911
f 2909 2913 2916 2912
f 2910 2911 2915 2914
f 2917 2920 2919 2918
f 2921 2922 2923 2924
f 2917 2918 2922 2921
f 2920 2924 2923 2919
f 2917 2921 2924 2920
f 2918 2919 2923 2922
f 2925 2926 2930 2929
f 2926 2927 2931 2930
f 2927 2928 2932 2931
f 2928 2925 2929 2932
f 2933 2926 2925
f 2934 2929 2930
f 2933 2927 2926
f 2934 2930 2931
f 2933 2928 2927
f 2934 2931 2932
f 2933 2925 2928
f 2934 2932 2929
f 2935 2938 2937 2936
f 2939 2940 2941 2942
f 2935 2936 2940 2939
f 2938 2942 2941 2937
f 2935 2939 2942 2938
f 2936 2937 2941 2940
f 2943 2946 2945 2944
f 2947 2948 2949 2950
f 2943 2944 2948 2947
f 2946 2950 2949 2945
f 2943 2947 2950 2946
f 2944 2945 2949 2948
f 2951 2952 2956 2955
f 2952 2953 2957 2956
f 2953 2954 2958 2957
f 2954 2951 2955 2958
f 2959 2952 2951
f 2960 2955 2956
f 2959 2953 2952
f 2960 2956 2957
f 2959 2954 2953
f 2960 2957 2958
f 2959 2951 2954
f 2960 2958 2955
f 2961 2964 2963 2962
f 2965 2966 2967 2968
f 2961 2962 2966 2965
f 2964 2968 2967 2963
f 2961 2965 2968 2964
f 2962 2963 2967 2966
f 2969 2972 2971 2970
f 2973 2974 2975 2976
f 2969 2970 2974 2973
f 2972 2976 2975 2971
f 2969 2973 2976 2972
f 2970 2971 2975 2974
f 2977 2978 2982 2981
f 2978 2979 2983 2982
f 2979 2980 2984 2983
f 2980 2977 2981 2984
f 2985 2978 2977
f 2986 2981 2982
f 2985 2979 2978
f 2986 2982 2983
f 2985 2980 2979
f 2986 2983 2984
f 2985 2977 2980
f 2986 2984 2981
f 2987 2990 2989 2988
f 2991 2992 2993 2994
f 2987 2988 2992 2991
f 2990 2994 2993 2989
f 2987 2991 2994 2990
f 2988 2989 2993 2992
f 2995 2998 2997 2996
f 2999 3000 3001 3002
f 2995 2996 3000 2999
f 2998 3002 3001 2997
f 2995 2999 3002 2998
f 2996 2997 3001 3000
f 3003 3004 3008 3007
f 3004 3005 3009 3008
f 3005 3006 3010 3009
f 3006 3003 3007 3010
f 3011 3004 3003
f 3012 3007 3008
f 3011 3005 3004
f 3012 3008 3009
f 3011 3006 3005
f 3012 3009 3010
f 3011 3003 3006
f 3012 3010 3007
f 3013 3016 3015 3014
f 3017 3018 3019 3020
f 3013 3014 3018 3017
f 3016 3020 3019 3015
f 3013 3017 3020 3016
f 3014 3015 3019 3018
f 3021 3024 3023 3022
f 3025 3026 3027 3028
f 3021 3022 3026 3025
f 3024 3028 3027 3023
f 3021 3025 3028 3024
f 3022 3023 3027 3026
f 3029 3030 3034 3033
f 3030 3031 3035 3034
f 3031 3032 3036 3035
f 3032 3029 3033 3036
f 3037 3030 3029
f 3038 3033 3034
f 3037 3031 3030
f 3038 3034 3035
f 3037 3032 3031
f 3038 3035 3036
f 3037 3029 3032
f 3038 3036 3033
f 3039 3042 3041 3040
f 3043 3044 3045 3046
f 3039 3040 3044 3043
f 3042 3046 3045 3041
f 3039 3043 3046 3042
f 3040 3041 3045 3044
f 3047 3050 3049 3048
f 3051 3052 3053 3054
f 3047 3048 3052 3051
f 3050 3054 3053 3049
f 3047 3051 3054 3050
f 3048 3049 3053 3052
f 3055 3056 3060 3059
f 3056 3057 3061 3060
f 3057 3058 3062 3061
f 3058 3055 3059 3062
f 3063 3056 3055
f 3064 3059 3060
f 3063 3057 3056
f 3064 3060 3061
f 3063 3058 3057
f 3064 3061 3062
f 3063 3055 3058
f 3064 3062 3059
f 3065 3068 3067 3066
f 3069 3070 3071 3072
f 3065 3066 3070 3069
f 3068 3072 3071 3067
f 3065 3069 3072 3068
f 3066 3067 3071 3070
f 3073 3076 3075 3074
f 3077 3078 3079 3080
f 3073 3074 3078 3077
f 3076 3080 3079 3075
f 3073 3077 3080 3076
f 3074 3075 3079 3078
f 3081 3082 3086 3085
f 3082 3083 3087 3086
f 3083 3084 3088 3087
f 3084 3081 3085 3088
f 3089 3082 3081
f 3090 3085 3086
f 3089 3083 3082
f 3090 3086 3087
f 3089 3084 3083
f 3090 3087 3088
f 3089 3081 3084
f 3090 3088 3085
f 3091 3094 3093 3092
f 3095 3096 3097 3098
f 3091 3092 3096 3095
f 3094 3098 3097 3093
f 3091 3095 3098 3094
f 3092 3093 3097 3096
f 3099 3102 3101 3100
f 3103 3104 3105 3106
f 3099 3100 3104 3103
f 3102 3106 3105 3101
f 3099 3103 3106 3102
f 3100 3101 3105 3104
f 3107 3108 3112 3111
f 3108 3109 3113 3112
f 3109 3110 3114 3113
f 3110 3107 3111 3114
f 3115 3108 3107
f 3116 3111 3112
f 3115 3109 3108
f 3116 3112 3113
f 3115 3110 3109
f 3116 3113 3114
f 3115 3107 3110
f 3116 3114 3111
f 3117 3120 3119 3118
f 3121 3122 3123 3124
f 3117 3118 3122 3121
f 3120 3124 3123 3119
f 3117 3121 3124 3120
f 3118 3119 3123 3122
f 3125 3128 3127 3126
f 3129 3130 3131 3132
f 3125 3126 3130 3129
f 3128 3132 3131 3127
f 3125 3129 3132 3128
f 3126 3127 3131 3130
f 3133 3134 3138 3137
f 3134 3135 3139 3138
f 3135 3136 3140 3139
f 3136 3133 3137 3140
f 3141 3134 3133
f 3142 3137 3138
f 3141 3135 3134
f 3142 3138 3139
f 3141 3136 3135
f 3142 3139 3140
f 3141 3133 3136
f 3142 3140 3137
f 3143 3146 3145 3144
f 3147 3148 3149 3150
f 3143 3144 3148 3147
f 3146 3150 3149 3145
f 3143 3147 3150 3146
f 3144 3145 3149 3148
f 3151 3154 3153 3152
f 3155 3156 3157 3158
f 3151 3152 3156 3155
f 3154 3158 3157 3153
f 3151 3155 3158 3154
f 3152 3153 3157 3156
f 3159 3160 3164 3163
f 3160 3161 3165 3164
f 3161 3162 3166 3165
f 3162 3159 3163 3166
f 3167 3160 3159
f 3168 3163 3164
f 3167 3161 3160
f 3168 3164 3165
f 3167 3162 3161
f 3168 3165 3166
f 3167 3159 3162
f 3168 3166 3163
f 3169 3172 3171 3170
f 3173 3174 3175 3176
f 3169 3170 3174 3173
f 3172 3176 3175 3171
f 3169 3173 3176 3172
f 3170 3171 3175 3174
f 3177 3180 3179 3178
f 3181 3182 3183 3184
f 3177 3178 3182 3181
f 3180 3184 3183 3179
f 3177 3181 3184 3180
f 3178 3179 3183 3182
f 3185 3186 3190 3189
f 3186 3187 3191 3190
f 3187 3188 3192 3191
f 3188 3185 3189 3192
f 3193 3186 3185
f 3194 3189 3190
f 3193 3187 3186
f 3194 3190 3191
f 3193 3188 3187
f 3194 3191 3192
f 3193 3185 3188
f 3194 3192 3189
f 3195 3198 3197 3196
f 3199 3200 3201 3202
f 3195 3196 3200 3199
f 3198 3202 3201 3197
f 3195 3199 3202 3198
f 3196 3197 3201 3200
f 3203 3206 3205 3204
f 3207 3208 3209 3210
f 3203 3204 3208 3207
f 3206 3210 3209 3205
f 3203 3207 3210 3206
f 3204 3205 3209 3208
f 3211 3212 3216 3215
f 3212 3213 3217 3216
f 3213 3214 3218 3217
f 3214 3211 3215 3218
f 3219 3212 3211
f 3220 3215 3216
f 3219 3213 3212
f 3220 3216 3217
f 3219 3214 3213
f 3220 3217 3218
f 3219 3211 3214
f 3220 3218 3215
f 3221 3224 3223 3222
f 3225 3226 3227 3228
f 3221 3222 3226 3225
f 3224 3228 3227 3223
f 3221 3225 3228 3224
f 3222 3223 3227 3226
f 3229 3232 3231 3230
f 3233 3234 3235 3236
f 3229 3230 3234 3233
f 3232 3236 3235 3231
f 3229 3233 3236 3232
f 3230 3231 3235 3234
f 3237 3238 3242 3241
f 3238 3239 3243 3242
f 3239 3240 3244 3243
f 3240 3237 3241 3244
f 3245 3238 3237
f 3246 3241 3242
f 3245 3239 3238
f 3246 3242 3243
f 3245 3240 3239
f 3246 3243 3244
f 3245 3237 3240
f 3246 3244 3241
f 3247 3250 3249 3248
f 3251 3252 3253 3254
f 3247 3248 3252 3251
f 3250 3254 3253 3249
f 3247 3251 3254 3250
f 3248 3249 3253 3252
f 3255 3258 3257 3256
f 3259 3260 3261 3262
f 3255 3256 3260 3259
f 3258 3262 3261 3257
f 3255 3259 3262 3258
f 3256 3257 3261 3260
f 3263 3264 3268 3267
f 3264 3265 3269 3268
f 3265 3266 3270 3269
f 3266 3263 3267 3270
f 3271 3264 3263
f 3272 3267 3268
f 3271 3265 3264
f 3272 3268 3269
f 3271 3266 3265
f 3272 3269 3270
f 3271 3263 3266
f 3272 3270 3267
f 3273 3276 3275 3274
f 3277 3278 3279 3280
f 3273 3274 3278 3277
f 3276 3280 3279 3275
f 3273 3277 3280 3276
f 3274 3275 3279 3278
f 3281 3284 3283 3282
f 3285 3286 3287 3288
f 3281 3282 3286 3285
f 3284 3288 3287 3283
f 3281 3285 3288 3284
f 3282 3283 3287 3286
f 3289 3290 3294 3293
f 3290 3291 3295 3294
f 3291 3292 3296 3295
f 3292 3289 3293 3296
f 3297 3290 3289
f 3298 3293 3294
f 3297 3291 3290
f 3298 3294 3295
f 3297 3292 3291
f 3298 3295 3296
f 3297 3289 3292
f 3298 3296 3293
f 3299 3302 3301 3300
f 3303 3304 3305 3306
f 3299 3300 3304 3303
f 3302 3306 3305 3301
f 3299 3303 3306 3302
f 3300 3301 3305 3304
f 3307 3310 3309 3308
f 3311 3312 3313 3314
f 3307 3308 3312 3311
f 3310 3314 3313 3309
f 3307 3311 3314 3310
f 3308 3309 3313 3312
f 3315 3316 3320 3319
f 3316 3317 3321 3320
f 3317 3318 3322 3321
f 3318 3315 3319 3322
f 3323 3316 3315
f 3324 3319 3320
f 3323 3317 3316
f 3324 3320 3321
f 3323 3318 3317
f 3324 3321 3322
f 3323 3315 3318
f 3324 3322 3319
f 3325 3328 3327 3326
f 3329 3330 3331 3332
f 3325 3326 3330 3329
f 3328 3332 3331 3327
f 3325 3329 3332 3328
f 3326 3327 3331 3330
f 3333 3336 3335 3334
f 3337 3338 3339 3340
f 3333 3334 3338 3337
f 3336 3340 3339 3335
f 3333 3337 3340 3336
f 3334 3335 3339 3338
f 3341 3342 3346 3345
f 3342 3343 3347 3346
f 3343 3344 3348 3347
f 3344 3341 3345 3348
f 3349 3342 3341
f 3350 3345 3346
f 3349 3343 3342
f 3350 3346 3347
f 3349 3344 3343
f 3350 3347 3348
f 3349 3341 3344
f 3350 3348 3345
f 3351 3354 3353 3352
f 3355 3356 3357 3358
f 3351 3352 3356 3355
f 3354 3358 3357 3353
f 3351 3355 3358 3354
f 3352 3353 3357 3356
f 3359 3362 3361 3360
f 3363 3364 3365 3366
f 3359 3360 3364 3363
f 3362 3366 3365 3361
f 3359 3363 3366 3362
f 3360 3361 3365 3364

o CADENA_MOTOR_B
usemtl metal_steel
v 12.5713 -75.5000 10.9697
v 10.0713 -75.5000 8.4697
v 7.5713 -75.5000 10.9697
v 10.0713 -75.5000 13.4697
v 12.5713 -68.5000 10.9697
v 10.0713 -68.5000 8.4697
v 7.5713 -68.5000 10.9697
v 10.0713 -68.5000 13.4697
v 10.0713 -75.5000 10.9697
v 10.0713 -68.5000 10.9697
v 6.1970 -68.5000 17.0371
v 10.1088 -68.5000 3.7711
v 10.1088 -66.5000 3.7711
v 6.1970 -66.5000 17.0371
v 10.0337 -68.5000 18.1684
v 13.9455 -68.5000 4.9024
v 13.9455 -66.5000 4.9024
v 10.0337 -66.5000 18.1684
v 6.1970 -77.5000 17.0371
v 10.1088 -77.5000 3.7711
v 10.1088 -75.5000 3.7711
v 6.1970 -75.5000 17.0371
v 10.0337 -77.5000 18.1684
v 13.9455 -77.5000 4.9024
v 13.9455 -75.5000 4.9024
v 10.0337 -75.5000 18.1684
v 15.9728 -75.5000 -0.5660
v 13.4728 -75.5000 -3.0660
v 10.9728 -75.5000 -0.5660
v 13.4728 -75.5000 1.9340
v 15.9728 -68.5000 -0.5660
v 13.4728 -68.5000 -3.0660
v 10.9728 -68.5000 -0.5660
v 13.4728 -68.5000 1.9340
v 13.4728 -75.5000 -0.5660
v 13.4728 -68.5000 -0.5660
v 9.5986 -68.5000 5.5014
v 13.5104 -68.5000 -7.7646
v 13.5104 -66.5000 -7.7646
v 9.5986 -66.5000 5.5014
v 13.4353 -68.5000 6.6327
v 17.3471 -68.5000 -6.6333
v 17.3471 -66.5000 -6.6333
v 13.4353 -66.5000 6.6327
v 9.5986 -77.5000 5.5014
v 13.5104 -77.5000 -7.7646
v 13.5104 -75.5000 -7.7646
v 9.5986 -75.5000 5.5014
v 13.4353 -77.5000 6.6327
v 17.3471 -77.5000 -6.6333
v 17.3471 -75.5000 -6.6333
v 13.4353 -75.5000 6.6327
v 19.3744 -75.5000 -12.1016
v 16.8744 -75.5000 -14.6016
v 14.3744 -75.5000 -12.1016
v 16.8744 -75.5000 -9.6016
v 19.3744 -68.5000 -12.1016
v 16.8744 -68.5000 -14.6016
v 14.3744 -68.5000 -12.1016
v 16.8744 -68.5000 -9.6016
v 16.8744 -75.5000 -12.1016
v 16.8744 -68.5000 -12.1016
v 13.0001 -68.5000 -6.0343
v 16.9119 -68.5000 -19.3003
v 16.9119 -66.5000 -19.3003
v 13.0001 -66.5000 -6.0343
v 16.8368 -68.5000 -4.9030
v 20.7486 -68.5000 -18.1690
v 20.7486 -66.5000 -18.1690
v 16.8368 -66.5000 -4.9030
v 13.0001 -77.5000 -6.0343
v 16.9119 -77.5000 -19.3003
v 16.9119 -75.5000 -19.3003
v 13.0001 -75.5000 -6.0343
v 16.8368 -77.5000 -4.9030
v 20.7486 -77.5000 -18.1690
v 20.7486 -75.5000 -18.1690
v 16.8368 -75.5000 -4.9030
v 22.7759 -75.5000 -23.6373
v 20.2759 -75.5000 -26.1373
v 17.7759 -75.5000 -23.6373
v 20.2759 -75.5000 -21.1373
v 22.7759 -68.5000 -23.6373
v 20.2759 -68.5000 -26.1373
v 17.7759 -68.5000 -23.6373
v 20.2759 -68.5000 -21.1373
v 20.2759 -75.5000 -23.6373
v 20.2759 -68.5000 -23.6373
v 16.4017 -68.5000 -17.5700
v 20.3135 -68.5000 -30.8360
v 20.3135 -66.5000 -30.8360
v 16.4017 -66.5000 -17.5700
v 20.2384 -68.5000 -16.4386
v 24.1502 -68.5000 -29.7047
v 24.1502 -66.5000 -29.7047
v 20.2384 -66.5000 -16.4386
v 16.4017 -77.5000 -17.5700
v 20.3135 -77.5000 -30.8360
v 20.3135 -75.5000 -30.8360
v 16.4017 -75.5000 -17.5700
v 20.2384 -77.5000 -16.4386
v 24.1502 -77.5000 -29.7047
v 24.1502 -75.5000 -29.7047
v 20.2384 -75.5000 -16.4386
v 26.1775 -75.5000 -35.1730
v 23.6775 -75.5000 -37.6730
v 21.1775 -75.5000 -35.1730
v 23.6775 -75.5000 -32.6730
v 26.1775 -68.5000 -35.1730
v 23.6775 -68.5000 -37.6730
v 21.1775 -68.5000 -35.1730
v 23.6775 -68.5000 -32.6730
v 23.6775 -75.5000 -35.1730
v 23.6775 -68.5000 -35.1730
v 19.8032 -68.5000 -29.1057
v 23.7150 -68.5000 -42.3717
v 23.7150 -66.5000 -42.3717
v 19.8032 -66.5000 -29.1057
v 23.6399 -68.5000 -27.9743
v 27.5517 -68.5000 -41.2404
v 27.5517 -66.5000 -41.2404
v 23.6399 -66.5000 -27.9743
v 19.8032 -77.5000 -29.1057
v 23.7150 -77.5000 -42.3717
v 23.7150 -75.5000 -42.3717
v 19.8032 -75.5000 -29.1057
v 23.6399 -77.5000 -27.9743
v 27.5517 -77.5000 -41.2404
v 27.5517 -75.5000 -41.2404
v 23.6399 -75.5000 -27.9743
v 29.5790 -75.5000 -46.7087
v 27.0790 -75.5000 -49.2087
v 24.5790 -75.5000 -46.7087
v 27.0790 -75.5000 -44.2087
v 29.5790 -68.5000 -46.7087
v 27.0790 -68.5000 -49.2087
v 24.5790 -68.5000 -46.7087
v 27.0790 -68.5000 -44.2087
v 27.0790 -75.5000 -46.7087
v 27.0790 -68.5000 -46.7087
v 23.2048 -68.5000 -40.6414
v 27.1166 -68.5000 -53.9074
v 27.1166 -66.5000 -53.9074
v 23.2048 -66.5000 -40.6414
v 27.0415 -68.5000 -39.5100
v 30.9533 -68.5000 -52.7761
v 30.9533 -66.5000 -52.7761
v 27.0415 -66.5000 -39.5100
v 23.2048 -77.5000 -40.6414
v 27.1166 -77.5000 -53.9074
v 27.1166 -75.5000 -53.9074
v 23.2048 -75.5000 -40.6414
v 27.0415 -77.5000 -39.5100
v 30.9533 -77.5000 -52.7761
v 30.9533 -75.5000 -52.7761
v 27.0415 -75.5000 -39.5100
v 32.9806 -75.5000 -58.2444
v 30.4806 -75.5000 -60.7444
v 27.9806 -75.5000 -58.2444
v 30.4806 -75.5000 -55.7444
v 32.9806 -68.5000 -58.2444
v 30.4806 -68.5000 -60.7444
v 27.9806 -68.5000 -58.2444
v 30.4806 -68.5000 -55.7444
v 30.4806 -75.5000 -58.2444
v 30.4806 -68.5000 -58.2444
v 26.8350 -68.5000 -52.0605
v 30.2508 -68.5000 -65.4192
v 30.2508 -66.5000 -65.4192
v 26.8350 -66.5000 -52.0605
v 30.7103 -68.5000 -51.0696
v 34.1261 -68.5000 -64.4283
v 34.1261 -66.5000 -64.4283
v 30.7103 -66.5000 -51.0696
v 26.8350 -77.5000 -52.0605
v 30.2508 -77.5000 -65.4192
v 30.2508 -75.5000 -65.4192
v 26.8350 -75.5000 -52.0605
v 30.7103 -77.5000 -51.0696
v 34.1261 -77.5000 -64.4283
v 34.1261 -75.5000 -64.4283
v 30.7103 -75.5000 -51.0696
v 35.9508 -75.5000 -69.8606
v 33.4508 -75.5000 -72.3606
v 30.9508 -75.5000 -69.8606
v 33.4508 -75.5000 -67.3606
v 35.9508 -68.5000 -69.8606
v 33.4508 -68.5000 -72.3606
v 30.9508 -68.5000 -69.8606
v 33.4508 -68.5000 -67.3606
v 33.4508 -75.5000 -69.8606
v 33.4508 -68.5000 -69.8606
v 35.2189 -68.5000 -63.2679
v 28.2925 -68.5000 -74.3308
v 28.2925 -66.5000 -74.3308
v 35.2189 -66.5000 -63.2679
v 38.6092 -68.5000 -65.3905
v 31.6828 -68.5000 -76.4534
v 31.6828 -66.5000 -76.4534
v 38.6092 -66.5000 -65.3905
v 35.2189 -77.5000 -63.2679
v 28.2925 -77.5000 -74.3308
v 28.2925 -75.5000 -74.3308
v 35.2189 -75.5000 -63.2679
v 38.6092 -77.5000 -65.3905
v 31.6828 -77.5000 -76.4534
v 31.6828 -75.5000 -76.4534
v 38.6092 -75.5000 -65.3905
v 29.9279 -75.5000 -79.4805
v 27.4279 -75.5000 -81.9805
v 24.9279 -75.5000 -79.4805
v 27.4279 -75.5000 -76.9805
v 29.9279 -68.5000 -79.4805
v 27.4279 -68.5000 -81.9805
v 24.9279 -68.5000 -79.4805
v 27.4279 -68.5000 -76.9805
v 27.4279 -75.5000 -79.4805
v 27.4279 -68.5000 -79.4805
v 34.1748 -68.5000 -78.3792
v 21.2196 -68.5000 -76.6183
v 21.2196 -66.5000 -76.6183
v 34.1748 -66.5000 -78.3792
v 33.6361 -68.5000 -82.3428
v 20.6809 -68.5000 -80.5819
v 20.6809 -66.5000 -80.5819
v 33.6361 -66.5000 -82.3428
v 34.1748 -77.5000 -78.3792
v 21.2196 -77.5000 -76.6183
v 21.2196 -75.5000 -76.6183
v 34.1748 -75.5000 -78.3792
v 33.6361 -77.5000 -82.3428
v 20.6809 -77.5000 -80.5819
v 20.6809 -75.5000 -80.5819
v 33.6361 -75.5000 -82.3428
v 18.6625 -75.5000 -77.9493
v 16.1625 -75.5000 -80.4493
v 13.6625 -75.5000 -77.9493
v 16.1625 -75.5000 -75.4493
v 18.6625 -68.5000 -77.9493
v 16.1625 -68.5000 -80.4493
v 13.6625 -68.5000 -77.9493
v 16.1625 -68.5000 -75.4493
v 16.1625 -75.5000 -77.9493
v 16.1625 -68.5000 -77.9493
v 20.8174 -68.5000 -83.2946
v 15.1427 -68.5000 -70.9350
v 15.1427 -66.5000 -70.9350
v 20.8174 -66.5000 -83.2946
v 17.1823 -68.5000 -84.9636
v 11.5075 -68.5000 -72.6041
v 11.5075 -66.5000 -72.6041
v 17.1823 -66.5000 -84.9636
v 20.8174 -77.5000 -83.2946
v 15.1427 -77.5000 -70.9350
v 15.1427 -75.5000 -70.9350
v 20.8174 -75.5000 -83.2946
v 17.1823 -77.5000 -84.9636
v 11.5075 -77.5000 -72.6041
v 11.5075 -75.5000 -72.6041
v 17.1823 -75.5000 -84.9636
v 13.7279 -75.5000 -67.2019
v 11.2279 -75.5000 -69.7019
v 8.7279 -75.5000 -67.2019
v 11.2279 -75.5000 -64.7019
v 13.7279 -68.5000 -67.2019
v 11.2279 -68.5000 -69.7019
v 8.7279 -68.5000 -67.2019
v 11.2279 -68.5000 -64.7019
v 11.2279 -75.5000 -67.2019
v 11.2279 -68.5000 -67.2019
v 15.1022 -68.5000 -73.2692
v 11.1904 -68.5000 -60.0032
v 11.1904 -66.5000 -60.0032
v 15.1022 -66.5000 -73.2692
v 11.2655 -68.5000 -74.4006
v 7.3537 -68.5000 -61.1345
v 7.3537 -66.5000 -61.1345
v 11.2655 -66.5000 -74.4006
v 15.1022 -77.5000 -73.2692
v 11.1904 -77.5000 -60.0032
v 11.1904 -75.5000 -60.0032
v 15.1022 -75.5000 -73.2692
v 11.2655 -77.5000 -74.4006
v 7.3537 -77.5000 -61.1345
v 7.3537 -75.5000 -61.1345
v 11.2655 -75.5000 -74.4006
v 10.3264 -75.5000 -55.6662
v 7.8264 -75.5000 -58.1662
v 5.3264 -75.5000 -55.6662
v 7.8264 -75.5000 -53.1662
v 10.3264 -68.5000 -55.6662
v 7.8264 -68.5000 -58.1662
v 5.3264 -68.5000 -55.6662
v 7.8264 -68.5000 -53.1662
v 7.8264 -75.5000 -55.6662
v 7.8264 -68.5000 -55.6662
v 11.7006 -68.5000 -61.7336
v 7.7888 -68.5000 -48.4675
v 7.7888 -66.5000 -48.4675
v 11.7006 -66.5000 -61.7336
v 7.8639 -68.5000 -62.8649
v 3.9522 -68.5000 -49.5988
v 3.9522 -66.5000 -49.5988
v 7.8639 -66.5000 -62.8649
v 11.7006 -77.5000 -61.7336
v 7.7888 -77.5000 -48.4675
v 7.7888 -75.5000 -48.4675
v 11.7006 -75.5000 -61.7336
v 7.8639 -77.5000 -62.8649
v 3.9522 -77.5000 -49.5988
v 3.9522 -75.5000 -49.5988
v 7.8639 -75.5000 -62.8649
v 6.9248 -75.5000 -44.1305
v 4.4248 -75.5000 -46.6305
v 1.9248 -75.5000 -44.1305
v 4.4248 -75.5000 -41.6305
v 6.9248 -68.5000 -44.1305
v 4.4248 -68.5000 -46.6305
v 1.9248 -68.5000 -44.1305
v 4.4248 -68.5000 -41.6305
v 4.4248 -75.5000 -44.1305
v 4.4248 -68.5000 -44.1305
v 8.2991 -68.5000 -50.1979
v 4.3873 -68.5000 -36.9318
v 4.3873 -66.5000 -36.9318
v 8.2991 -66.5000 -50.1979
v 4.4624 -68.5000 -51.3292
v 0.5506 -68.5000 -38.0632
v 0.5506 -66.5000 -38.0632
v 4.4624 -66.5000 -51.3292
v 8.2991 -77.5000 -50.1979
v 4.3873 -77.5000 -36.9318
v 4.3873 -75.5000 -36.9318
v 8.2991 -75.5000 -50.1979
v 4.4624 -77.5000 -51.3292
v 0.5506 -77.5000 -38.0632
v 0.5506 -75.5000 -38.0632
v 4.4624 -75.5000 -51.3292
v 3.5233 -75.5000 -32.5948
v 1.0233 -75.5000 -35.0948
v -1.4767 -75.5000 -32.5948
v 1.0233 -75.5000 -30.0948
v 3.5233 -68.5000 -32.5948
v 1.0233 -68.5000 -35.0948
v -1.4767 -68.5000 -32.5948
v 1.0233 -68.5000 -30.0948
v 1.0233 -75.5000 -32.5948
v 1.0233 -68.5000 -32.5948
v 4.8975 -68.5000 -38.6622
v 0.9857 -68.5000 -25.3961
v 0.9857 -66.5000 -25.3961
v 4.8975 -66.5000 -38.6622
v 1.0608 -68.5000 -39.7935
v -2.8509 -68.5000 -26.5275
v -2.8509 -66.5000 -26.5275
v 1.0608 -66.5000 -39.7935
v 4.8975 -77.5000 -38.6622
v 0.9857 -77.5000 -25.3961
v 0.9857 -75.5000 -25.3961
v 4.8975 -75.5000 -38.6622
v 1.0608 -77.5000 -39.7935
v -2.8509 -77.5000 -26.5275
v -2.8509 -75.5000 -26.5275
v 1.0608 -75.5000 -39.7935
v 0.1217 -75.5000 -21.0591
v -2.3783 -75.5000 -23.5591
v -4.8783 -75.5000 -21.0591
v -2.3783 -75.5000 -18.5591
v 0.1217 -68.5000 -21.0591
v -2.3783 -68.5000 -23.5591
v -4.8783 -68.5000 -21.0591
v -2.3783 -68.5000 -18.5591
v -2.3783 -75.5000 -21.0591
v -2.3783 -68.5000 -21.0591
v 1.4960 -68.5000 -27.1265
v -2.4158 -68.5000 -13.8604
v -2.4158 -66.5000 -13.8604
v 1.4960 -66.5000 -27.1265
v -2.3407 -68.5000 -28.2578
v -6.2525 -68.5000 -14.9918
v -6.2525 -66.5000 -14.9918
v -2.3407 -66.5000 -28.2578
v 1.4960 -77.5000 -27.1265
v -2.4158 -77.5000 -13.8604
v -2.4158 -75.5000 -13.8604
v 1.4960 -75.5000 -27.1265
v -2.3407 -77.5000 -28.2578
v -6.2525 -77.5000 -14.9918
v -6.2525 -75.5000 -14.9918
v -2.3407 -75.5000 -28.2578
v -3.2798 -75.5000 -9.5234
v -5.7798 -75.5000 -12.0234
v -8.2798 -75.5000 -9.5234
v -5.7798 -75.5000 -7.0234
v -3.2798 -68.5000 -9.5234
v -5.7798 -68.5000 -12.0234
v -8.2798 -68.5000 -9.5234
v -5.7798 -68.5000 -7.0234
v -5.7798 -75.5000 -9.5234
v -5.7798 -68.5000 -9.5234
v -1.9056 -68.5000 -15.5908
v -5.8174 -68.5000 -2.3248
v -5.8174 -66.5000 -2.3248
v -1.9056 -66.5000 -15.5908
v -5.7423 -68.5000 -16.7221
v -9.6540 -68.5000 -3.4561
v -9.6540 -66.5000 -3.4561
v -5.7423 -66.5000 -16.7221
v -1.9056 -77.5000 -15.5908
v -5.8174 -77.5000 -2.3248
v -5.8174 -75.5000 -2.3248
v -1.9056 -75.5000 -15.5908
v -5.7423 -77.5000 -16.7221
v -9.6540 -77.5000 -3.4561
v -9.6540 -75.5000 -3.4561
v -5.7423 -75.5000 -16.7221
v -6.6814 -75.5000 2.0122
v -9.1814 -75.5000 -0.4878
v -11.6814 -75.5000 2.0122
v -9.1814 -75.5000 4.5122
v -6.6814 -68.5000 2.0122
v -9.1814 -68.5000 -0.4878
v -11.6814 -68.5000 2.0122
v -9.1814 -68.5000 4.5122
v -9.1814 -75.5000 2.0122
v -9.1814 -68.5000 2.0122
v -7.3681 -68.5000 -4.6817
v -6.9961 -68.5000 8.5942
v -6.9961 -66.5000 8.5942
v -7.3681 -66.5000 -4.6817
v -11.3666 -68.5000 -4.5697
v -10.9946 -68.5000 8.7062
v -10.9946 -66.5000 8.7062
v -11.3666 -66.5000 -4.5697
v -7.3681 -77.5000 -4.6817
v -6.9961 -77.5000 8.5942
v -6.9961 -75.5000 8.5942
v -7.3681 -75.5000 -4.6817
v -11.3666 -77.5000 -4.5697
v -10.9946 -77.5000 8.7062
v -10.9946 -75.5000 8.7062
v -11.3666 -75.5000 -4.5697
v -6.3579 -75.5000 13.5566
v -8.8579 -75.5000 11.0566
v -11.3579 -75.5000 13.5566
v -8.8579 -75.5000 16.0566
v -6.3579 -68.5000 13.5566
v -8.8579 -68.5000 11.0566
v -11.3579 -68.5000 13.5566
v -8.8579 -68.5000 16.0566
v -8.8579 -75.5000 13.5566
v -8.8579 -68.5000 13.5566
v -13.9232 -68.5000 8.9746
v -2.0954 -68.5000 14.5164
v -2.0954 -66.5000 14.5164
v -13.9232 -66.5000 8.9746
v -15.6203 -68.5000 12.5967
v -3.7926 -68.5000 18.1385
v -3.7926 -66.5000 18.1385
v -15.6203 -66.5000 12.5967
v -13.9232 -77.5000 8.9746
v -2.0954 -77.5000 14.5164
v -2.0954 -75.5000 14.5164
v -13.9232 -75.5000 8.9746
v -15.6203 -77.5000 12.5967
v -3.7926 -77.5000 18.1385
v -3.7926 -75.5000 18.1385
v -15.6203 -75.5000 12.5967
v 3.9271 -75.5000 18.3756
v 1.4271 -75.5000 15.8756
v -1.0729 -75.5000 18.3756
v 1.4271 -75.5000 20.8756
v 3.9271 -68.5000 18.3756
v 1.4271 -68.5000 15.8756
v -1.0729 -68.5000 18.3756
v 1.4271 -68.5000 20.8756
v 1.4271 -75.5000 18.3756
v 1.4271 -68.5000 18.3756
v -4.8445 -68.5000 21.1151
v 5.0963 -68.5000 12.5984
v 5.0963 -66.5000 12.5984
v -4.8445 -66.5000 21.1151
v -2.2420 -68.5000 24.1527
v 7.6987 -68.5000 15.6360
v 7.6987 -66.5000 15.6360
v -2.2420 -66.5000 24.1527
v -4.8445 -77.5000 21.1151
v 5.0963 -77.5000 12.5984
v 5.0963 -75.5000 12.5984
v -4.8445 -75.5000 21.1151
v -2.2420 -77.5000 24.1527
v 7.6987 -77.5000 15.6360
v 7.6987 -75.5000 15.6360
v -2.2420 -75.5000 24.1527
f 3367 3368 3372 3371
f 3368 3369 3373 3372
f 3369 3370 3374 3373
f 3370 3367 3371 3374
f 3375 3368 3367
f 3376 3371 3372
f 3375 3369 3368
f 3376 3372 3373
f 3375 3370 3369
f 3376 3373 3374
f 3375 3367 3370
f 3376 3374 3371
f 3377 3380 3379 3378
f 3381 3382 3383 3384
f 3377 3378 3382 3381
f 3380 3384 3383 3379
f 3377 3381 3384 3380
f 3378 3379 3383 3382
f 3385 3388 3387 3386
f 3389 3390 3391 3392
f 3385 3386 3390 3389
f 3388 3392 3391 3387
f 3385 3389 3392 3388
f 3386 3387 3391 3390
f 3393 3394 3398 3397
f 3394 3395 3399 3398
f 3395 3396 3400 3399
f 3396 3393 3397 3400
f 3401 3394 3393
f 3402 3397 3398
f 3401 3395 3394
f 3402 3398 3399
f 3401 3396 3395
f 3402 3399 3400
f 3401 3393 3396
f 3402 3400 3397
f 3403 3406 3405 3404
f 3407 3408 3409 3410
f 3403 3404 3408 3407
f 3406 3410 3409 3405
f 3403 3407 3410 3406
f 3404 3405 3409 3408
f 3411 3414 3413 3412
f 3415 3416 3417 3418
f 3411 3412 3416 3415
f 3414 3418 3417 3413
f 3411 3415 3418 3414
f 3412 3413 3417 3416
f 3419 3420 3424 3423
f 3420 3421 3425 3424
f 3421 3422 3426 3425
f 3422 3419 3423 3426
f 3427 3420 3419
f 3428 3423 3424
f 3427 3421 3420
f 3428 3424 3425
f 3427 3422 3421
f 3428 3425 3426
f 3427 3419 3422
f 3428 3426 3423
f 3429 3432 3431 3430
f 3433 3434 3435 3436
f 3429 3430 3434 3433
f 3432 3436 3435 3431
f 3429 3433 3436 3432
f 3430 3431 3435 3434
f 3437 3440 3439 3438
f 3441 3442 3443 3444
f 3437 3438 3442 3441
f 3440 3444 3443 3439
f 3437 3441 3444 3440
f 3438 3439 3443 3442
f 3445 3446 3450 3449
f 3446 3447 3451 3450
f 3447 3448 3452 3451
f 3448 3445 3449 3452
f 3453 3446 3445
f 3454 3449 3450
f 3453 3447 3446
f 3454 3450 3451
f 3453 3448 3447
f 3454 3451 3452
f 3453 3445 3448
f 3454 3452 3449
f 3455 3458 3457 3456
f 3459 3460 3461 3462
f 3455 3456 3460 3459
f 3458 3462 3461 3457
f 3455 3459 3462 3458
f 3456 3457 3461 3460
f 3463 3466 3465 3464
f 3467 3468 3469 3470
f 3463 3464 3468 3467
f 3466 3470 3469 3465
f 3463 3467 3470 3466
f 3464 3465 3469 3468
f 3471 3472 3476 3475
f 3472 3473 3477 3476
f 3473 3474 3478 3477
f 3474 3471 3475 3478
f 3479 3472 3471
f 3480 3475 3476
f 3479 3473 3472
f 3480 3476 3477
f 3479 3474 3473
f 3480 3477 3478
f 3479 3471 3474
f 3480 3478 3475
f 3481 3484 3483 3482
f 3485 3486 3487 3488
f 3481 3482 3486 3485
f 3484 3488 3487 3483
f 3481 3485 3488 3484
f 3482 3483 3487 3486
f 3489 3492 3491 3490
f 3493 3494 3495 3496
f 3489 3490 3494 3493
f 3492 3496 3495 3491
f 3489 3493 3496 3492
f 3490 3491 3495 3494
f 3497 3498 3502 3501
f 3498 3499 3503 3502
f 3499 3500 3504 3503
f 3500 3497 3501 3504
f 3505 3498 3497
f 3506 3501 3502
f 3505 3499 3498
f 3506 3502 3503
f 3505 3500 3499
f 3506 3503 3504
f 3505 3497 3500
f 3506 3504 3501
f 3507 3510 3509 3508
f 3511 3512 3513 3514
f 3507 3508 3512 3511
f 3510 3514 3513 3509
f 3507 3511 3514 3510
f 3508 3509 3513 3512
f 3515 3518 3517 3516
f 3519 3520 3521 3522
f 3515 3516 3520 3519
f 3518 3522 3521 3517
f 3515 3519 3522 3518
f 3516 3517 3521 3520
f 3523 3524 3528 3527
f 3524 3525 3529 3528
f 3525 3526 3530 3529
f 3526 3523 3527 3530
f 3531 3524 3523
f 3532 3527 3528
f 3531 3525 3524
f 3532 3528 3529
f 3531 3526 3525
f 3532 3529 3530
f 3531 3523 3526
f 3532 3530 3527
f 3533 3536 3535 3534
f 3537 3538 3539 3540
f 3533 3534 3538 3537
f 3536 3540 3539 3535
f 3533 3537 3540 3536
f 3534 3535 3539 3538
f 3541 3544 3543 3542
f 3545 3546 3547 3548
f 3541 3542 3546 3545
f 3544 3548 3547 3543
f 3541 3545 3548 3544
f 3542 3543 3547 3546
f 3549 3550 3554 3553
f 3550 3551 3555 3554
f 3551 3552 3556 3555
f 3552 3549 3553 3556
f 3557 3550 3549
f 3558 3553 3554
f 3557 3551 3550
f 3558 3554 3555
f 3557 3552 3551
f 3558 3555 3556
f 3557 3549 3552
f 3558 3556 3553
f 3559 3562 3561 3560
f 3563 3564 3565 3566
f 3559 3560 3564 3563
f 3562 3566 3565 3561
f 3559 3563 3566 3562
f 3560 3561 3565 3564
f 3567 3570 3569 3568
f 3571 3572 3573 3574
f 3567 3568 3572 3571
f 3570 3574 3573 3569
f 3567 3571 3574 3570
f 3568 3569 3573 3572
f 3575 3576 3580 3579
f 3576 3577 3581 3580
f 3577 3578 3582 3581
f 3578 3575 3579 3582
f 3583 3576 3575
f 3584 3579 3580
f 3583 3577 3576
f 3584 3580 3581
f 3583 3578 3577
f 3584 3581 3582
f 3583 3575 3578
f 3584 3582 3579
f 3585 3588 3587 3586
f 3589 3590 3591 3592
f 3585 3586 3590 3589
f 3588 3592 3591 3587
f 3585 3589 3592 3588
f 3586 3587 3591 3590
f 3593 3596 3595 3594
f 3597 3598 3599 3600
f 3593 3594 3598 3597
f 3596 3600 3599 3595
f 3593 3597 3600 3596
f 3594 3595 3599 3598
f 3601 3602 3606 3605
f 3602 3603 3607 3606
f 3603 3604 3608 3607
f 3604 3601 3605 3608
f 3609 3602 3601
f 3610 3605 3606
f 3609 3603 3602
f 3610 3606 3607
f 3609 3604 3603
f 3610 3607 3608
f 3609 3601 3604
f 3610 3608 3605
f 3611 3614 3613 3612
f 3615 3616 3617 3618
f 3611 3612 3616 3615
f 3614 3618 3617 3613
f 3611 3615 3618 3614
f 3612 3613 3617 3616
f 3619 3622 3621 3620
f 3623 3624 3625 3626
f 3619 3620 3624 3623
f 3622 3626 3625 3621
f 3619 3623 3626 3622
f 3620 3621 3625 3624
f 3627 3628 3632 3631
f 3628 3629 3633 3632
f 3629 3630 3634 3633
f 3630 3627 3631 3634
f 3635 3628 3627
f 3636 3631 3632
f 3635 3629 3628
f 3636 3632 3633
f 3635 3630 3629
f 3636 3633 3634
f 3635 3627 3630
f 3636 3634 3631
f 3637 3640 3639 3638
f 3641 3642 3643 3644
f 3637 3638 3642 3641
f 3640 3644 3643 3639
f 3637 3641 3644 3640
f 3638 3639 3643 3642
f 3645 3648 3647 3646
f 3649 3650 3651 3652
f 3645 3646 3650 3649
f 3648 3652 3651 3647
f 3645 3649 3652 3648
f 3646 3647 3651 3650
f 3653 3654 3658 3657
f 3654 3655 3659 3658
f 3655 3656 3660 3659
f 3656 3653 3657 3660
f 3661 3654 3653
f 3662 3657 3658
f 3661 3655 3654
f 3662 3658 3659
f 3661 3656 3655
f 3662 3659 3660
f 3661 3653 3656
f 3662 3660 3657
f 3663 3666 3665 3664
f 3667 3668 3669 3670
f 3663 3664 3668 3667
f 3666 3670 3669 3665
f 3663 3667 3670 3666
f 3664 3665 3669 3668
f 3671 3674 3673 3672
f 3675 3676 3677 3678
f 3671 3672 3676 3675
f 3674 3678 3677 3673
f 3671 3675 3678 3674
f 3672 3673 3677 3676
f 3679 3680 3684 3683
f 3680 3681 3685 3684
f 3681 3682 3686 3685
f 3682 3679 3683 3686
f 3687 3680 3679
f 3688 3683 3684
f 3687 3681 3680
f 3688 3684 3685
f 3687 3682 3681
f 3688 3685 3686
f 3687 3679 3682
f 3688 3686 3683
f 3689 3692 3691 3690
f 3693 3694 3695 3696
f 3689 3690 3694 3693
f 3692 3696 3695 3691
f 3689 3693 3696 3692
f 3690 3691 3695 3694
f 3697 3700 3699 3698
f 3701 3702 3703 3704
f 3697 3698 3702 3701
f 3700 3704 3703 3699
f 3697 3701 3704 3700
f 3698 3699 3703 3702
f 3705 3706 3710 3709
f 3706 3707 3711 3710
f 3707 3708 3712 3711
f 3708 3705 3709 3712
f 3713 3706 3705
f 3714 3709 3710
f 3713 3707 3706
f 3714 3710 3711
f 3713 3708 3707
f 3714 3711 3712
f 3713 3705 3708
f 3714 3712 3709
f 3715 3718 3717 3716
f 3719 3720 3721 3722
f 3715 3716 3720 3719
f 3718 3722 3721 3717
f 3715 3719 3722 3718
f 3716 3717 3721 3720
f 3723 3726 3725 3724
f 3727 3728 3729 3730
f 3723 3724 3728 3727
f 3726 3730 3729 3725
f 3723 3727 3730 3726
f 3724 3725 3729 3728
f 3731 3732 3736 3735
f 3732 3733 3737 3736
f 3733 3734 3738 3737
f 3734 3731 3735 3738
f 3739 3732 3731
f 3740 3735 3736
f 3739 3733 3732
f 3740 3736 3737
f 3739 3734 3733
f 3740 3737 3738
f 3739 3731 3734
f 3740 3738 3735
f 3741 3744 3743 3742
f 3745 3746 3747 3748
f 3741 3742 3746 3745
f 3744 3748 3747 3743
f 3741 3745 3748 3744
f 3742 3743 3747 3746
f 3749 3752 3751 3750
f 3753 3754 3755 3756
f 3749 3750 3754 3753
f 3752 3756 3755 3751
f 3749 3753 3756 3752
f 3750 3751 3755 3754
f 3757 3758 3762 3761
f 3758 3759 3763 3762
f 3759 3760 3764 3763
f 3760 3757 3761 3764
f 3765 3758 3757
f 3766 3761 3762
f 3765 3759 3758
f 3766 3762 3763
f 3765 3760 3759
f 3766 3763 3764
f 3765 3757 3760
f 3766 3764 3761
f 3767 3770 3769 3768
f 3771 3772 3773 3774
f 3767 3768 3772 3771
f 3770 3774 3773 3769
f 3767 3771 3774 3770
f 3768 3769 3773 3772
f 3775 3778 3777 3776
f 3779 3780 3781 3782
f 3775 3776 3780 3779
f 3778 3782 3781 3777
f 3775 3779 3782 3778
f 3776 3777 3781 3780
f 3783 3784 3788 3787
f 3784 3785 3789 3788
f 3785 3786 3790 3789
f 3786 3783 3787 3790
f 3791 3784 3783
f 3792 3787 3788
f 3791 3785 3784
f 3792 3788 3789
f 3791 3786 3785
f 3792 3789 3790
f 3791 3783 3786
f 3792 3790 3787
f 3793 3796 3795 3794
f 3797 3798 3799 3800
f 3793 3794 3798 3797
f 3796 3800 3799 3795
f 3793 3797 3800 3796
f 3794 3795 3799 3798
f 3801 3804 3803 3802
f 3805 3806 3807 3808
f 3801 3802 3806 3805
f 3804 3808 3807 3803
f 3801 3805 3808 3804
f 3802 3803 3807 3806
f 3809 3810 3814 3813
f 3810 3811 3815 3814
f 3811 3812 3816 3815
f 3812 3809 3813 3816
f 3817 3810 3809
f 3818 3813 3814
f 3817 3811 3810
f 3818 3814 3815
f 3817 3812 3811
f 3818 3815 3816
f 3817 3809 3812
f 3818 3816 3813
f 3819 3822 3821 3820
f 3823 3824 3825 3826
f 3819 3820 3824 3823
f 3822 3826 3825 3821
f 3819 3823 3826 3822
f 3820 3821 3825 3824
f 3827 3830 3829 3828
f 3831 3832 3833 3834
f 3827 3828 3832 3831
f 3830 3834 3833 3829
f 3827 3831 3834 3830
f 3828 3829 3833 3832
f 3835 3836 3840 3839
f 3836 3837 3841 3840
f 3837 3838 3842 3841
f 3838 3835 3839 3842
f 3843 3836 3835
f 3844 3839 3840
f 3843 3837 3836
f 3844 3840 3841
f 3843 3838 3837
f 3844 3841 3842
f 3843 3835 3838
f 3844 3842 3839
f 3845 3848 3847 3846
f 3849 3850 3851 3852
f 3845 3846 3850 3849
f 3848 3852 3851 3847
f 3845 3849 3852 3848
f 3846 3847 3851 3850
f 3853 3856 3855 3854
f 3857 3858 3859 3860
f 3853 3854 3858 3857
f 3856 3860 3859 3855
f 3853 3857 3860 3856
f 3854 3855 3859 3858

o CADENA_RUEDAS_A
usemtl metal_steel
v -45.5000 24.5000 102.0000
v -48.0000 24.5000 99.5000
v -50.5000 24.5000 102.0000
v -48.0000 24.5000 104.5000
v -45.5000 31.5000 102.0000
v -48.0000 31.5000 99.5000
v -50.5000 31.5000 102.0000
v -48.0000 31.5000 104.5000
v -48.0000 24.5000 102.0000
v -48.0000 31.5000 102.0000
v -54.9462 31.5000 100.0000
v -41.0538 31.5000 100.0000
v -41.0538 33.5000 100.0000
v -54.9462 33.5000 100.0000
v -54.9462 31.5000 104.0000
v -41.0538 31.5000 104.0000
v -41.0538 33.5000 104.0000
v -54.9462 33.5000 104.0000
v -54.9462 22.5000 100.0000
v -41.0538 22.5000 100.0000
v -41.0538 24.5000 100.0000
v -54.9462 24.5000 100.0000
v -54.9462 22.5000 104.0000
v -41.0538 22.5000 104.0000
v -41.0538 24.5000 104.0000
v -54.9462 24.5000 104.0000
v -33.4197 24.5000 102.0000
v -35.9197 24.5000 99.5000
v -38.4197 24.5000 102.0000
v -35.9197 24.5000 104.5000
v -33.4197 31.5000 102.0000
v -35.9197 31.5000 99.5000
v -38.4197 31.5000 102.0000
v -35.9197 31.5000 104.5000
v -35.9197 24.5000 102.0000
v -35.9197 31.5000 102.0000
v -42.8659 31.5000 100.0000
v -28.9735 31.5000 100.0000
v -28.9735 33.5000 100.0000
v -42.8659 33.5000 100.0000
v -42.8659 31.5000 104.0000
v -28.9735 31.5000 104.0000
v -28.9735 33.5000 104.0000
v -42.8659 33.5000 104.0000
v -42.8659 22.5000 100.0000
v -28.9735 22.5000 100.0000
v -28.9735 24.5000 100.0000
v -42.8659 24.5000 100.0000
v -42.8659 22.5000 104.0000
v -28.9735 22.5000 104.0000
v -28.9735 24.5000 104.0000
v -42.8659 24.5000 104.0000
v -21.3394 24.5000 102.0000
v -23.8394 24.5000 99.5000
v -26.3394 24.5000 102.0000
v -23.8394 24.5000 104.5000
v -21.3394 31.5000 102.0000
v -23.8394 31.5000 99.5000
v -26.3394 31.5000 102.0000
v -23.8394 31.5000 104.5000
v -23.8394 24.5000 102.0000
v -23.8394 31.5000 102.0000
v -30.7856 31.5000 100.0000
v -16.8932 31.5000 100.0000
v -16.8932 33.5000 100.0000
v -30.7856 33.5000 100.0000
v -30.7856 31.5000 104.0000
v -16.8932 31.5000 104.0000
v -16.8932 33.5000 104.0000
v -30.7856 33.5000 104.0000
v -30.7856 22.5000 100.0000
v -16.8932 22.5000 100.0000
v -16.8932 24.5000 100.0000
v -30.7856 24.5000 100.0000
v -30.7856 22.5000 104.0000
v -16.8932 22.5000 104.0000
v -16.8932 24.5000 104.0000
v -30.7856 24.5000 104.0000
v -9.2591 24.5000 102.0000
v -11.7591 24.5000 99.5000
v -14.2591 24.5000 102.0000
v -11.7591 24.5000 104.5000
v -9.2591 31.5000 102.0000
v -11.7591 31.5000 99.5000
v -14.2591 31.5000 102.0000
v -11.7591 31.5000 104.5000
v -11.7591 24.5000 102.0000
v -11.7591 31.5000 102.0000
v -18.7053 31.5000 100.0000
v -4.8129 31.5000 100.0000
v -4.8129 33.5000 100.0000
v -18.7053 33.5000 100.0000
v -18.7053 31.5000 104.0000
v -4.8129 31.5000 104.0000
v -4.8129 33.5000 104.0000
v -18.7053 33.5000 104.0000
v -18.7053 22.5000 100.0000
v -4.8129 22.5000 100.0000
v -4.8129 24.5000 100.0000
v -18.7053 24.5000 100.0000
v -18.7053 22.5000 104.0000
v -4.8129 22.5000 104.0000
v -4.8129 24.5000 104.0000
v -18.7053 24.5000 104.0000
v 2.8212 24.5000 102.0000
v 0.3212 24.5000 99.5000
v -2.1788 24.5000 102.0000
v 0.3212 24.5000 104.5000
v 2.8212 31.5000 102.0000
v 0.3212 31.5000 99.5000
v -2.1788 31.5000 102.0000
v 0.3212 31.5000 104.5000
v 0.3212 24.5000 102.0000
v 0.3212 31.5000 102.0000
v -6.6249 31.5000 100.0000
v 7.2674 31.5000 100.0000
v 7.2674 33.5000 100.0000
v -6.6249 33.5000 100.0000
v -6.6249 31.5000 104.0000
v 7.2674 31.5000 104.0000
v 7.2674 33.5000 104.0000
v -6.6249 33.5000 104.0000
v -6.6249 22.5000 100.0000
v 7.2674 22.5000 100.0000
v 7.2674 24.5000 100.0000
v -6.6249 24.5000 100.0000
v -6.6249 22.5000 104.0000
v 7.2674 22.5000 104.0000
v 7.2674 24.5000 104.0000
v -6.6249 24.5000 104.0000
v 14.9015 24.5000 102.0000
v 12.4015 24.5000 99.5000
v 9.9015 24.5000 102.0000
v 12.4015 24.5000 104.5000
v 14.9015 31.5000 102.0000
v 12.4015 31.5000 99.5000
v 9.9015 31.5000 102.0000
v 12.4015 31.5000 104.5000
v 12.4015 24.5000 102.0000
v 12.4015 31.5000 102.0000
v 5.4554 31.5000 100.0000
v 19.3477 31.5000 100.0000
v 19.3477 33.5000 100.0000
v 5.4554 33.5000 100.0000
v 5.4554 31.5000 104.0000
v 19.3477 31.5000 104.0000
v 19.3477 33.5000 104.0000
v 5.4554 33.5000 104.0000
v 5.4554 22.5000 100.0000
v 19.3477 22.5000 100.0000
v 19.3477 24.5000 100.0000
v 5.4554 24.5000 100.0000
v 5.4554 22.5000 104.0000
v 19.3477 22.5000 104.0000
v 19.3477 24.5000 104.0000
v 5.4554 24.5000 104.0000
v 26.9819 24.5000 102.0000
v 24.4819 24.5000 99.5000
v 21.9819 24.5000 102.0000
v 24.4819 24.5000 104.5000
v 26.9819 31.5000 102.0000
v 24.4819 31.5000 99.5000
v 21.9819 31.5000 102.0000
v 24.4819 31.5000 104.5000
v 24.4819 24.5000 102.0000
v 24.4819 31.5000 102.0000
v 17.5357 31.5000 100.0000
v 31.4280 31.5000 100.0000
v 31.4280 33.5000 100.0000
v 17.5357 33.5000 100.0000
v 17.5357 31.5000 104.0000
v 31.4280 31.5000 104.0000
v 31.4280 33.5000 104.0000
v 17.5357 33.5000 104.0000
v 17.5357 22.5000 100.0000
v 31.4280 22.5000 100.0000
v 31.4280 24.5000 100.0000
v 17.5357 24.5000 100.0000
v 17.5357 22.5000 104.0000
v 31.4280 22.5000 104.0000
v 31.4280 24.5000 104.0000
v 17.5357 24.5000 104.0000
v 39.0622 24.5000 102.0000
v 36.5622 24.5000 99.5000
v 34.0622 24.5000 102.0000
v 36.5622 24.5000 104.5000
v 39.0622 31.5000 102.0000
v 36.5622 31.5000 99.5000
v 34.0622 31.5000 102.0000
v 36.5622 31.5000 104.5000
v 36.5622 24.5000 102.0000
v 36.5622 31.5000 102.0000
v 29.6075 31.5000 100.0355
v 43.4964 31.5000 99.9646
v 43.4964 33.5000 99.9646
v 29.6075 33.5000 100.0355
v 29.6279 31.5000 104.0354
v 43.5168 31.5000 103.9645
v 43.5168 33.5000 103.9645
v 29.6279 33.5000 104.0354
v 29.6075 22.5000 100.0355
v 43.4964 22.5000 99.9646
v 43.4964 24.5000 99.9646
v 29.6075 24.5000 100.0355
v 29.6279 22.5000 104.0354
v 43.5168 22.5000 103.9645
v 43.5168 24.5000 103.9645
v 29.6279 24.5000 104.0354
v 51.1395 24.5000 101.9384
v 48.6395 24.5000 99.4384
v 46.1395 24.5000 101.9384
v 48.6395 24.5000 104.4384
v 51.1395 31.5000 101.9384
v 48.6395 31.5000 99.4384
v 46.1395 31.5000 101.9384
v 48.6395 31.5000 104.4384
v 48.6395 24.5000 101.9384
v 48.6395 31.5000 101.9384
v 42.1836 31.5000 104.2297
v 52.7153 31.5000 96.4323
v 52.7153 33.5000 96.4323
v 42.1836 33.5000 104.2297
v 44.5637 31.5000 107.4445
v 55.0954 31.5000 99.6471
v 55.0954 33.5000 99.6471
v 44.5637 33.5000 107.4445
v 42.1836 22.5000 104.2297
v 52.7153 22.5000 96.4323
v 52.7153 24.5000 96.4323
v 42.1836 24.5000 104.2297
v 44.5637 22.5000 107.4445
v 55.0954 22.5000 99.6471
v 55.0954 24.5000 99.6471
v 44.5637 24.5000 107.4445
v 60.2975 24.5000 95.1580
v 57.7975 24.5000 92.6580
v 55.2975 24.5000 95.1580
v 57.7975 24.5000 97.6580
v 60.2975 31.5000 95.1580
v 57.7975 31.5000 92.6580
v 55.2975 31.5000 95.1580
v 57.7975 31.5000 97.6580
v 57.7975 24.5000 95.1580
v 57.7975 31.5000 95.1580
v 57.0820 31.5000 102.0582
v 54.5843 31.5000 89.0098
v 54.5843 33.5000 89.0098
v 57.0820 33.5000 102.0582
v 61.0107 31.5000 101.3061
v 58.5130 31.5000 88.2578
v 58.5130 33.5000 88.2578
v 61.0107 33.5000 101.3061
v 57.0820 22.5000 102.0582
v 54.5843 22.5000 89.0098
v 54.5843 24.5000 89.0098
v 57.0820 24.5000 102.0582
v 61.0107 22.5000 101.3061
v 58.5130 22.5000 88.2578
v 58.5130 24.5000 88.2578
v 61.0107 24.5000 101.3061
v 58.1256 24.5000 83.8116
v 55.6256 24.5000 81.3116
v 53.1256 24.5000 83.8116
v 55.6256 24.5000 86.3116
v 58.1256 31.5000 83.8116
v 55.6256 31.5000 81.3116
v 53.1256 31.5000 83.8116
v 55.6256 31.5000 86.3116
v 55.6256 24.5000 83.8116
v 55.6256 31.5000 83.8116
v 57.4988 31.5000 90.7930
v 50.3266 31.5000 78.8953
v 50.3266 33.5000 78.8953
v 57.4988 33.5000 90.7930
v 60.9245 31.5000 88.7280
v 53.7523 31.5000 76.8302
v 53.7523 33.5000 76.8302
v 60.9245 33.5000 88.7280
v 57.4988 22.5000 90.7930
v 50.3266 22.5000 78.8953
v 50.3266 24.5000 78.8953
v 57.4988 24.5000 90.7930
v 60.9245 22.5000 88.7280
v 53.7523 22.5000 76.8302
v 53.7523 24.5000 76.8302
v 60.9245 24.5000 88.7280
v 51.8889 24.5000 73.4657
v 49.3889 24.5000 70.9657
v 46.8889 24.5000 73.4657
v 49.3889 24.5000 75.9657
v 51.8889 31.5000 73.4657
v 49.3889 31.5000 70.9657
v 46.8889 31.5000 73.4657
v 49.3889 31.5000 75.9657
v 49.3889 24.5000 73.4657
v 49.3889 31.5000 73.4657
v 51.2621 31.5000 80.4471
v 44.0899 31.5000 68.5494
v 44.0899 33.5000 68.5494
v 51.2621 33.5000 80.4471
v 54.6878 31.5000 78.3821
v 47.5156 31.5000 66.4843
v 47.5156 33.5000 66.4843
v 54.6878 33.5000 78.3821
v 51.2621 22.5000 80.4471
v 44.0899 22.5000 68.5494
v 44.0899 24.5000 68.5494
v 51.2621 24.5000 80.4471
v 54.6878 22.5000 78.3821
v 47.5156 22.5000 66.4843
v 47.5156 24.5000 66.4843
v 54.6878 24.5000 78.3821
v 45.6522 24.5000 63.1198
v 43.1522 24.5000 60.6198
v 40.6522 24.5000 63.1198
v 43.1522 24.5000 65.6198
v 45.6522 31.5000 63.1198
v 43.1522 31.5000 60.6198
v 40.6522 31.5000 63.1198
v 43.1522 31.5000 65.6198
v 43.1522 24.5000 63.1198
v 43.1522 31.5000 63.1198
v 45.0254 31.5000 70.1013
v 37.8532 31.5000 58.2035
v 37.8532 33.5000 58.2035
v 45.0254 33.5000 70.1013
v 48.4511 31.5000 68.0362
v 41.2789 31.5000 56.1384
v 41.2789 33.5000 56.1384
v 48.4511 33.5000 68.0362
v 45.0254 22.5000 70.1013
v 37.8532 22.5000 58.2035
v 37.8532 24.5000 58.2035
v 45.0254 24.5000 70.1013
v 48.4511 22.5000 68.0362
v 41.2789 22.5000 56.1384
v 41.2789 24.5000 56.1384
v 48.4511 24.5000 68.0362
v 39.4155 24.5000 52.7739
v 36.9155 24.5000 50.2739
v 34.4155 24.5000 52.7739
v 36.9155 24.5000 55.2739
v 39.4155 31.5000 52.7739
v 36.9155 31.5000 50.2739
v 34.4155 31.5000 52.7739
v 36.9155 31.5000 55.2739
v 36.9155 24.5000 52.7739
v 36.9155 31.5000 52.7739
v 38.7887 31.5000 59.7554
v 31.6165 31.5000 47.8576
v 31.6165 33.5000 47.8576
v 38.7887 33.5000 59.7554
v 42.2144 31.5000 57.6903
v 35.0422 31.5000 45.7925
v 35.0422 33.5000 45.7925
v 42.2144 33.5000 57.6903
v 38.7887 22.5000 59.7554
v 31.6165 22.5000 47.8576
v 31.6165 24.5000 47.8576
v 38.7887 24.5000 59.7554
v 42.2144 22.5000 57.6903
v 35.0422 22.5000 45.7925
v 35.0422 24.5000 45.7925
v 42.2144 24.5000 57.6903
v 33.1788 24.5000 42.4280
v 30.6788 24.5000 39.9280
v 28.1788 24.5000 42.4280
v 30.6788 24.5000 44.9280
v 33.1788 31.5000 42.4280
v 30.6788 31.5000 39.9280
v 28.1788 31.5000 42.4280
v 30.6788 31.5000 44.9280
v 30.6788 24.5000 42.4280
v 30.6788 31.5000 42.4280
v 32.5520 31.5000 49.4095
v 25.3798 31.5000 37.5117
v 25.3798 33.5000 37.5117
v 32.5520 33.5000 49.4095
v 35.9777 31.5000 47.3444
v 28.8055 31.5000 35.4466
v 28.8055 33.5000 35.4466
v 35.9777 33.5000 47.3444
v 32.5520 22.5000 49.4095
v 25.3798 22.5000 37.5117
v 25.3798 24.5000 37.5117
v 32.5520 24.5000 49.4095
v 35.9777 22.5000 47.3444
v 28.8055 22.5000 35.4466
v 28.8055 24.5000 35.4466
v 35.9777 24.5000 47.3444
v 26.9421 24.5000 32.0821
v 24.4421 24.5000 29.5821
v 21.9421 24.5000 32.0821
v 24.4421 24.5000 34.5821
v 26.9421 31.5000 32.0821
v 24.4421 31.5000 29.5821
v 21.9421 31.5000 32.0821
v 24.4421 31.5000 34.5821
v 24.4421 24.5000 32.0821
v 24.4421 31.5000 32.0821
v 26.3153 31.5000 39.0636
v 19.1432 31.5000 27.1658
v 19.1432 33.5000 27.1658
v 26.3153 33.5000 39.0636
v 29.7411 31.5000 36.9985
v 22.5689 31.5000 25.1007
v 22.5689 33.5000 25.1007
v 29.7411 33.5000 36.9985
v 26.3153 22.5000 39.0636
v 19.1432 22.5000 27.1658
v 19.1432 24.5000 27.1658
v 26.3153 24.5000 39.0636
v 29.7411 22.5000 36.9985
v 22.5689 22.5000 25.1007
v 22.5689 24.5000 25.1007
v 29.7411 24.5000 36.9985
v 20.7054 24.5000 21.7362
v 18.2054 24.5000 19.2362
v 15.7054 24.5000 21.7362
v 18.2054 24.5000 24.2362
v 20.7054 31.5000 21.7362
v 18.2054 31.5000 19.2362
v 15.7054 31.5000 21.7362
v 18.2054 31.5000 24.2362
v 18.2054 24.5000 21.7362
v 18.2054 31.5000 21.7362
v 20.0787 31.5000 28.7177
v 12.9065 31.5000 16.8199
v 12.9065 33.5000 16.8199
v 20.0787 33.5000 28.7177
v 23.5044 31.5000 26.6526
v 16.3322 31.5000 14.7548
v 16.3322 33.5000 14.7548
v 23.5044 33.5000 26.6526
v 20.0787 22.5000 28.7177
v 12.9065 22.5000 16.8199
v 12.9065 24.5000 16.8199
v 20.0787 24.5000 28.7177
v 23.5044 22.5000 26.6526
v 16.3322 22.5000 14.7548
v 16.3322 24.5000 14.7548
v 23.5044 24.5000 26.6526
v 14.4687 24.5000 11.3903
v 11.9687 24.5000 8.8903
v 9.4687 24.5000 11.3903
v 11.9687 24.5000 13.8903
v 14.4687 31.5000 11.3903
v 11.9687 31.5000 8.8903
v 9.4687 31.5000 11.3903
v 11.9687 31.5000 13.8903
v 11.9687 24.5000 11.3903
v 11.9687 31.5000 11.3903
v 14.1605 31.5000 18.2415
v 6.4563 31.5000 6.7692
v 6.4563 33.5000 6.7692
v 14.1605 33.5000 18.2415
v 17.4812 31.5000 16.0115
v 9.7770 31.5000 4.5392
v 9.7770 33.5000 4.5392
v 17.4812 33.5000 16.0115
v 14.1605 22.5000 18.2415
v 6.4563 22.5000 6.7692
v 6.4563 24.5000 6.7692
v 14.1605 24.5000 18.2415
v 17.4812 22.5000 16.0115
v 9.7770 22.5000 4.5392
v 9.7770 24.5000 4.5392
v 17.4812 24.5000 16.0115
v 7.7695 24.5000 1.4145
v 5.2695 24.5000 -1.0855
v 2.7695 24.5000 1.4145
v 5.2695 24.5000 3.9145
v 7.7695 31.5000 1.4145
v 5.2695 31.5000 -1.0855
v 2.7695 31.5000 1.4145
v 5.2695 31.5000 3.9145
v 5.2695 24.5000 1.4145
v 5.2695 31.5000 1.4145
v 11.6947 31.5000 3.1918
v -1.0165 31.5000 3.6347
v -1.0165 33.5000 3.6347
v 11.6947 33.5000 3.1918
v 11.5554 31.5000 -0.8057
v -1.1558 31.5000 -0.3629
v -1.1558 33.5000 -0.3629
v 11.5554 33.5000 -0.8057
v 11.6947 22.5000 3.1918
v -1.0165 22.5000 3.6347
v -1.0165 24.5000 3.6347
v 11.6947 24.5000 3.1918
v 11.5554 22.5000 -0.8057
v -1.1558 22.5000 -0.3629
v -1.1558 24.5000 -0.3629
v 11.5554 24.5000 -0.8057
v -3.2837 24.5000 1.7995
v -5.7837 24.5000 -0.7005
v -8.2837 24.5000 1.7995
v -5.7837 24.5000 4.2995
v -3.2837 31.5000 1.7995
v -5.7837 31.5000 -0.7005
v -8.2837 31.5000 1.7995
v -5.7837 31.5000 4.2995
v -5.7837 24.5000 1.7995
v -5.7837 31.5000 1.7995
v -0.3541 31.5000 -2.9503
v -7.8483 31.5000 8.7118
v -7.8483 33.5000 8.7118
v -0.3541 33.5000 -2.9503
v -3.7192 31.5000 -5.1128
v -11.2134 31.5000 6.5494
v -11.2134 33.5000 6.5494
v -3.7192 33.5000 -5.1128
v -0.3541 22.5000 -2.9503
v -7.8483 22.5000 8.7118
v -7.8483 24.5000 8.7118
v -0.3541 24.5000 -2.9503
v -3.7192 22.5000 -5.1128
v -11.2134 22.5000 6.5494
v -11.2134 24.5000 6.5494
v -3.7192 24.5000 -5.1128
v -9.8004 24.5000 11.9406
v -12.3004 24.5000 9.4406
v -14.8004 24.5000 11.9406
v -12.3004 24.5000 14.4406
v -9.8004 31.5000 11.9406
v -12.3004 31.5000 9.4406
v -14.8004 31.5000 11.9406
v -12.3004 31.5000 14.4406
v -12.3004 24.5000 11.9406
v -12.3004 31.5000 11.9406
v -7.0015 31.5000 7.0242
v -14.1737 31.5000 18.9220
v -14.1737 33.5000 18.9220
v -7.0015 33.5000 7.0242
v -10.4272 31.5000 4.9591
v -17.5994 31.5000 16.8569
v -17.5994 33.5000 16.8569
v -10.4272 33.5000 4.9591
v -7.0015 22.5000 7.0242
v -14.1737 22.5000 18.9220
v -14.1737 24.5000 18.9220
v -7.0015 24.5000 7.0242
v -10.4272 22.5000 4.9591
v -17.5994 22.5000 16.8569
v -17.5994 24.5000 16.8569
v -10.4272 24.5000 4.9591
v -16.0371 24.5000 22.2865
v -18.5371 24.5000 19.7865
v -21.0371 24.5000 22.2865
v -18.5371 24.5000 24.7865
v -16.0371 31.5000 22.2865
v -18.5371 31.5000 19.7865
v -21.0371 31.5000 22.2865
v -18.5371 31.5000 24.7865
v -18.5371 24.5000 22.2865
v -18.5371 31.5000 22.2865
v -13.2381 31.5000 17.3701
v -20.4103 31.5000 29.2679
v -20.4103 33.5000 29.2679
v -13.2381 33.5000 17.3701
v -16.6639 31.5000 15.3050
v -23.8360 31.5000 27.2028
v -23.8360 33.5000 27.2028
v -16.6639 33.5000 15.3050
v -13.2381 22.5000 17.3701
v -20.4103 22.5000 29.2679
v -20.4103 24.5000 29.2679
v -13.2381 24.5000 17.3701
v -16.6639 22.5000 15.3050
v -23.8360 22.5000 27.2028
v -23.8360 24.5000 27.2028
v -16.6639 24.5000 15.3050
v -22.2738 24.5000 32.6324
v -24.7738 24.5000 30.1324
v -27.2738 24.5000 32.6324
v -24.7738 24.5000 35.1324
v -22.2738 31.5000 32.6324
v -24.7738 31.5000 30.1324
v -27.2738 31.5000 32.6324
v -24.7738 31.5000 35.1324
v -24.7738 24.5000 32.6324
v -24.7738 31.5000 32.6324
v -19.4748 31.5000 27.7160
v -26.6470 31.5000 39.6138
v -26.6470 33.5000 39.6138
v -19.4748 33.5000 27.7160
v -22.9005 31.5000 25.6509
v -30.0727 31.5000 37.5487
v -30.0727 33.5000 37.5487
v -22.9005 33.5000 25.6509
v -19.4748 22.5000 27.7160
v -26.6470 22.5000 39.6138
v -26.6470 24.5000 39.6138
v -19.4748 24.5000 27.7160
v -22.9005 22.5000 25.6509
v -30.0727 22.5000 37.5487
v -30.0727 24.5000 37.5487
v -22.9005 24.5000 25.6509
v -28.5105 24.5000 42.9783
v -31.0105 24.5000 40.4783
v -33.5105 24.5000 42.9783
v -31.0105 24.5000 45.4783
v -28.5105 31.5000 42.9783
v -31.0105 31.5000 40.4783
v -33.5105 31.5000 42.9783
v -31.0105 31.5000 45.4783
v -31.0105 24.5000 42.9783
v -31.0105 31.5000 42.9783
v -25.7115 31.5000 38.0619
v -32.8837 31.5000 49.9597
v -32.8837 33.5000 49.9597
v -25.7115 33.5000 38.0619
v -29.1372 31.5000 35.9968
v -36.3094 31.5000 47.8946
v -36.3094 33.5000 47.8946
v -29.1372 33.5000 35.9968
v -25.7115 22.5000 38.0619
v -32.8837 22.5000 49.9597
v -32.8837 24.5000 49.9597
v -25.7115 24.5000 38.0619
v -29.1372 22.5000 35.9968
v -36.3094 22.5000 47.8946
v -36.3094 24.5000 47.8946
v -29.1372 24.5000 35.9968
v -34.7472 24.5000 53.3242
v -37.2472 24.5000 50.8242
v -39.7472 24.5000 53.3242
v -37.2472 24.5000 55.8242
v -34.7472 31.5000 53.3242
v -37.2472 31.5000 50.8242
v -39.7472 31.5000 53.3242
v -37.2472 31.5000 55.8242
v -37.2472 24.5000 53.3242
v -37.2472 31.5000 53.3242
v -31.9482 31.5000 48.4078
v -39.1204 31.5000 60.3056
v -39.1204 33.5000 60.3056
v -31.9482 33.5000 48.4078
v -35.3739 31.5000 46.3427
v -42.5461 31.5000 58.2405
v -42.5461 33.5000 58.2405
v -35.3739 33.5000 46.3427
v -31.9482 22.5000 48.4078
v -39.1204 22.5000 60.3056
v -39.1204 24.5000 60.3056
v -31.9482 24.5000 48.4078
v -35.3739 22.5000 46.3427
v -42.5461 22.5000 58.2405
v -42.5461 24.5000 58.2405
v -35.3739 24.5000 46.3427
v -40.9839 24.5000 63.6701
v -43.4839 24.5000 61.1701
v -45.9839 24.5000 63.6701
v -43.4839 24.5000 66.1701
v -40.9839 31.5000 63.6701
v -43.4839 31.5000 61.1701
v -45.9839 31.5000 63.6701
v -43.4839 31.5000 66.1701
v -43.4839 24.5000 63.6701
v -43.4839 31.5000 63.6701
v -38.1849 31.5000 58.7537
v -45.3571 31.5000 70.6515
v -45.3571 33.5000 70.6515
v -38.1849 33.5000 58.7537
v -41.6106 31.5000 56.6886
v -48.7828 31.5000 68.5864
v -48.7828 33.5000 68.5864
v -41.6106 33.5000 56.6886
v -38.1849 22.5000 58.7537
v -45.3571 22.5000 70.6515
v -45.3571 24.5000 70.6515
v -38.1849 24.5000 58.7537
v -41.6106 22.5000 56.6886
v -48.7828 22.5000 68.5864
v -48.7828 24.5000 68.5864
v -41.6106 24.5000 56.6886
v -47.2205 24.5000 74.0159
v -49.7205 24.5000 71.5159
v -52.2205 24.5000 74.0159
v -49.7205 24.5000 76.5159
v -47.2205 31.5000 74.0159
v -49.7205 31.5000 71.5159
v -52.2205 31.5000 74.0159
v -49.7205 31.5000 76.5159
v -49.7205 24.5000 74.0159
v -49.7205 31.5000 74.0159
v -44.4216 31.5000 69.0996
v -51.5938 31.5000 80.9974
v -51.5938 33.5000 80.9974
v -44.4216 33.5000 69.0996
v -47.8473 31.5000 67.0345
v -55.0195 31.5000 78.9323
v -55.0195 33.5000 78.9323
v -47.8473 33.5000 67.0345
v -44.4216 22.5000 69.0996
v -51.5938 22.5000 80.9974
v -51.5938 24.5000 80.9974
v -44.4216 24.5000 69.0996
v -47.8473 22.5000 67.0345
v -55.0195 22.5000 78.9323
v -55.0195 24.5000 78.9323
v -47.8473 24.5000 67.0345
v -53.4572 24.5000 84.3618
v -55.9572 24.5000 81.8618
v -58.4572 24.5000 84.3618
v -55.9572 24.5000 86.8618
v -53.4572 31.5000 84.3618
v -55.9572 31.5000 81.8618
v -58.4572 31.5000 84.3618
v -55.9572 31.5000 86.8618
v -55.9572 24.5000 84.3618
v -55.9572 31.5000 84.3618
v -53.0367 31.5000 78.0878
v -54.9183 31.5000 91.2039
v -54.9183 33.5000 91.2039
v -53.0367 33.5000 78.0878
v -56.9962 31.5000 77.5198
v -58.8778 31.5000 90.6359
v -58.8778 33.5000 90.6359
v -56.9962 33.5000 77.5198
v -53.0367 22.5000 78.0878
v -54.9183 22.5000 91.2039
v -54.9183 24.5000 91.2039
v -53.0367 24.5000 78.0878
v -56.9962 22.5000 77.5198
v -58.8778 22.5000 90.6359
v -58.8778 24.5000 90.6359
v -56.9962 24.5000 77.5198
v -55.0934 24.5000 95.7671
v -57.5934 24.5000 93.2671
v -60.0934 24.5000 95.7671
v -57.5934 24.5000 98.2671
v -55.0934 31.5000 95.7671
v -57.5934 31.5000 93.2671
v -60.0934 31.5000 95.7671
v -57.5934 31.5000 98.2671
v -57.5934 24.5000 95.7671
v -57.5934 31.5000 95.7671
v -62.0199 31.5000 90.5061
v -50.9876 31.5000 97.6739
v -50.9876 33.5000 97.6739
v -62.0199 33.5000 90.5061
v -64.1992 31.5000 93.8603
v -53.1668 31.5000 101.0281
v -53.1668 33.5000 101.0281
v -64.1992 33.5000 93.8603
v -62.0199 22.5000 90.5061
v -50.9876 22.5000 97.6739
v -50.9876 24.5000 97.6739
v -62.0199 24.5000 90.5061
v -64.1992 22.5000 93.8603
v -53.1668 22.5000 101.0281
v -53.1668 24.5000 101.0281
v -64.1992 24.5000 93.8603
f 3861 3862 3866 3865
f 3862 3863 3867 3866
f 3863 3864 3868 3867
f 3864 3861 3865 3868
f 3869 3862 3861
f 3870 3865 3866
f 3869 3863 3862
f 3870 3866 3867
f 3869 3864 3863
f 3870 3867 3868
f 3869 3861 3864
f 3870 3868 3865
f 3871 3874 3873 3872
f 3875 3876 3877 3878
f 3871 3872 3876 3875
f 3874 3878 3877 3873
f 3871 3875 3878 3874
f 3872 3873 3877 3876
f 3879 3882 3881 3880
f 3883 3884 3885 3886
f 3879 3880 3884 3883
f 3882 3886 3885 3881
f 3879 3883 3886 3882
f 3880 3881 3885 3884
f 3887 3888 3892 3891
f 3888 3889 3893 3892
f 3889 3890 3894 3893
f 3890 3887 3891 3894
f 3895 3888 3887
f 3896 3891 3892
f 3895 3889 3888
f 3896 3892 3893
f 3895 3890 3889
f 3896 3893 3894
f 3895 3887 3890
f 3896 3894 3891
f 3897 3900 3899 3898
f 3901 3902 3903 3904
f 3897 3898 3902 3901
f 3900 3904 3903 3899
f 3897 3901 3904 3900
f 3898 3899 3903 3902
f 3905 3908 3907 3906
f 3909 3910 3911 3912
f 3905 3906 3910 3909
f 3908 3912 3911 3907
f 3905 3909 3912 3908
f 3906 3907 3911 3910
f 3913 3914 3918 3917
f 3914 3915 3919 3918
f 3915 3916 3920 3919
f 3916 3913 3917 3920
f 3921 3914 3913
f 3922 3917 3918
f 3921 3915 3914
f 3922 3918 3919
f 3921 3916 3915
f 3922 3919 3920
f 3921 3913 3916
f 3922 3920 3917
f 3923 3926 3925 3924
f 3927 3928 3929 3930
f 3923 3924 3928 3927
f 3926 3930 3929 3925
f 3923 3927 3930 3926
f 3924 3925 3929 3928
f 3931 3934 3933 3932
f 3935 3936 3937 3938
f 3931 3932 3936 3935
f 3934 3938 3937 3933
f 3931 3935 3938 3934
f 3932 3933 3937 3936
f 3939 3940 3944 3943
f 3940 3941 3945 3944
f 3941 3942 3946 3945
f 3942 3939 3943 3946
f 3947 3940 3939
f 3948 3943 3944
f 3947 3941 3940
f 3948 3944 3945
f 3947 3942 3941
f 3948 3945 3946
f 3947 3939 3942
f 3948 3946 3943
f 3949 3952 3951 3950
f 3953 3954 3955 3956
f 3949 3950 3954 3953
f 3952 3956 3955 3951
f 3949 3953 3956 3952
f 3950 3951 3955 3954
f 3957 3960 3959 3958
f 3961 3962 3963 3964
f 3957 3958 3962 3961
f 3960 3964 3963 3959
f 3957 3961 3964 3960
f 3958 3959 3963 3962
f 3965 3966 3970 3969
f 3966 3967 3971 3970
f 3967 3968 3972 3971
f 3968 3965 3969 3972
f 3973 3966 3965
f 3974 3969 3970
f 3973 3967 3966
f 3974 3970 3971
f 3973 3968 3967
f 3974 3971 3972
f 3973 3965 3968
f 3974 3972 3969
f 3975 3978 3977 3976
f 3979 3980 3981 3982
f 3975 3976 3980 3979
f 3978 3982 3981 3977
f 3975 3979 3982 3978
f 3976 3977 3981 3980
f 3983 3986 3985 3984
f 3987 3988 3989 3990
f 3983 3984 3988 3987
f 3986 3990 3989 3985
f 3983 3987 3990 3986
f 3984 3985 3989 3988
f 3991 3992 3996 3995
f 3992 3993 3997 3996
f 3993 3994 3998 3997
f 3994 3991 3995 3998
f 3999 3992 3991
f 4000 3995 3996
f 3999 3993 3992
f 4000 3996 3997
f 3999 3994 3993
f 4000 3997 3998
f 3999 3991 3994
f 4000 3998 3995
f 4001 4004 4003 4002
f 4005 4006 4007 4008
f 4001 4002 4006 4005
f 4004 4008 4007 4003
f 4001 4005 4008 4004
f 4002 4003 4007 4006
f 4009 4012 4011 4010
f 4013 4014 4015 4016
f 4009 4010 4014 4013
f 4012 4016 4015 4011
f 4009 4013 4016 4012
f 4010 4011 4015 4014
f 4017 4018 4022 4021
f 4018 4019 4023 4022
f 4019 4020 4024 4023
f 4020 4017 4021 4024
f 4025 4018 4017
f 4026 4021 4022
f 4025 4019 4018
f 4026 4022 4023
f 4025 4020 4019
f 4026 4023 4024
f 4025 4017 4020
f 4026 4024 4021
f 4027 4030 4029 4028
f 4031 4032 4033 4034
f 4027 4028 4032 4031
f 4030 4034 4033 4029
f 4027 4031 4034 4030
f 4028 4029 4033 4032
f 4035 4038 4037 4036
f 4039 4040 4041 4042
f 4035 4036 4040 4039
f 4038 4042 4041 4037
f 4035 4039 4042 4038
f 4036 4037 4041 4040
f 4043 4044 4048 4047
f 4044 4045 4049 4048
f 4045 4046 4050 4049
f 4046 4043 4047 4050
f 4051 4044 4043
f 4052 4047 4048
f 4051 4045 4044
f 4052 4048 4049
f 4051 4046 4045
f 4052 4049 4050
f 4051 4043 4046
f 4052 4050 4047
f 4053 4056 4055 4054
f 4057 4058 4059 4060
f 4053 4054 4058 4057
f 4056 4060 4059 4055
f 4053 4057 4060 4056
f 4054 4055 4059 4058
f 4061 4064 4063 4062
f 4065 4066 4067 4068
f 4061 4062 4066 4065
f 4064 4068 4067 4063
f 4061 4065 4068 4064
f 4062 4063 4067 4066
f 4069 4070 4074 4073
f 4070 4071 4075 4074
f 4071 4072 4076 4075
f 4072 4069 4073 4076
f 4077 4070 4069
f 4078 4073 4074
f 4077 4071 4070
f 4078 4074 4075
f 4077 4072 4071
f 4078 4075 4076
f 4077 4069 4072
f 4078 4076 4073
f 4079 4082 4081 4080
f 4083 4084 4085 4086
f 4079 4080 4084 4083
f 4082 4086 4085 4081
f 4079 4083 4086 4082
f 4080 4081 4085 4084
f 4087 4090 4089 4088
f 4091 4092 4093 4094
f 4087 4088 4092 4091
f 4090 4094 4093 4089
f 4087 4091 4094 4090
f 4088 4089 4093 4092
f 4095 4096 4100 4099
f 4096 4097 4101 4100
f 4097 4098 4102 4101
f 4098 4095 4099 4102
f 4103 4096 4095
f 4104 4099 4100
f 4103 4097 4096
f 4104 4100 4101
f 4103 4098 4097
f 4104 4101 4102
f 4103 4095 4098
f 4104 4102 4099
f 4105 4108 4107 4106
f 4109 4110 4111 4112
f 4105 4106 4110 4109
f 4108 4112 4111 4107
f 4105 4109 4112 4108
f 4106 4107 4111 4110
f 4113 4116 4115 4114
f 4117 4118 4119 4120
f 4113 4114 4118 4117
f 4116 4120 4119 4115
f 4113 4117 4120 4116
f 4114 4115 4119 4118
f 4121 4122 4126 4125
f 4122 4123 4127 4126
f 4123 4124 4128 4127
f 4124 4121 4125 4128
f 4129 4122 4121
f 4130 4125 4126
f 4129 4123 4122
f 4130 4126 4127
f 4129 4124 4123
f 4130 4127 4128
f 4129 4121 4124
f 4130 4128 4125
f 4131 4134 4133 4132
f 4135 4136 4137 4138
f 4131 4132 4136 4135
f 4134 4138 4137 4133
f 4131 4135 4138 4134
f 4132 4133 4137 4136
f 4139 4142 4141 4140
f 4143 4144 4145 4146
f 4139 4140 4144 4143
f 4142 4146 4145 4141
f 4139 4143 4146 4142
f 4140 4141 4145 4144
f 4147 4148 4152 4151
f 4148 4149 4153 4152
f 4149 4150 4154 4153
f 4150 4147 4151 4154
f 4155 4148 4147
f 4156 4151 4152
f 4155 4149 4148
f 4156 4152 4153
f 4155 4150 4149
f 4156 4153 4154
f 4155 4147 4150
f 4156 4154 4151
f 4157 4160 4159 4158
f 4161 4162 4163 4164
f 4157 4158 4162 4161
f 4160 4164 4163 4159
f 4157 4161 4164 4160
f 4158 4159 4163 4162
f 4165 4168 4167 4166
f 4169 4170 4171 4172
f 4165 4166 4170 4169
f 4168 4172 4171 4167
f 4165 4169 4172 4168
f 4166 4167 4171 4170
f 4173 4174 4178 4177
f 4174 4175 4179 4178
f 4175 4176 4180 4179
f 4176 4173 4177 4180
f 4181 4174 4173
f 4182 4177 4178
f 4181 4175 4174
f 4182 4178 4179
f 4181 4176 4175
f 4182 4179 4180
f 4181 4173 4176
f 4182 4180 4177
f 4183 4186 4185 4184
f 4187 4188 4189 4190
f 4183 4184 4188 4187
f 4186 4190 4189 4185
f 4183 4187 4190 4186
f 4184 4185 4189 4188
f 4191 4194 4193 4192
f 4195 4196 4197 4198
f 4191 4192 4196 4195
f 4194 4198 4197 4193
f 4191 4195 4198 4194
f 4192 4193 4197 4196
f 4199 4200 4204 4203
f 4200 4201 4205 4204
f 4201 4202 4206 4205
f 4202 4199 4203 4206
f 4207 4200 4199
f 4208 4203 4204
f 4207 4201 4200
f 4208 4204 4205
f 4207 4202 4201
f 4208 4205 4206
f 4207 4199 4202
f 4208 4206 4203
f 4209 4212 4211 4210
f 4213 4214 4215 4216
f 4209 4210 4214 4213
f 4212 4216 4215 4211
f 4209 4213 4216 4212
f 4210 4211 4215 4214
f 4217 4220 4219 4218
f 4221 4222 4223 4224
f 4217 4218 4222 4221
f 4220 4224 4223 4219
f 4217 4221 4224 4220
f 4218 4219 4223 4222
f 4225 4226 4230 4229
f 4226 4227 4231 4230
f 4227 4228 4232 4231
f 4228 4225 4229 4232
f 4233 4226 4225
f 4234 4229 4230
f 4233 4227 4226
f 4234 4230 4231
f 4233 4228 4227
f 4234 4231 4232
f 4233 4225 4228
f 4234 4232 4229
f 4235 4238 4237 4236
f 4239 4240 4241 4242
f 4235 4236 4240 4239
f 4238 4242 4241 4237
f 4235 4239 4242 4238
f 4236 4237 4241 4240
f 4243 4246 4245 4244
f 4247 4248 4249 4250
f 4243 4244 4248 4247
f 4246 4250 4249 4245
f 4243 4247 4250 4246
f 4244 4245 4249 4248
f 4251 4252 4256 4255
f 4252 4253 4257 4256
f 4253 4254 4258 4257
f 4254 4251 4255 4258
f 4259 4252 4251
f 4260 4255 4256
f 4259 4253 4252
f 4260 4256 4257
f 4259 4254 4253
f 4260 4257 4258
f 4259 4251 4254
f 4260 4258 4255
f 4261 4264 4263 4262
f 4265 4266 4267 4268
f 4261 4262 4266 4265
f 4264 4268 4267 4263
f 4261 4265 4268 4264
f 4262 4263 4267 4266
f 4269 4272 4271 4270
f 4273 4274 4275 4276
f 4269 4270 4274 4273
f 4272 4276 4275 4271
f 4269 4273 4276 4272
f 4270 4271 4275 4274
f 4277 4278 4282 4281
f 4278 4279 4283 4282
f 4279 4280 4284 4283
f 4280 4277 4281 4284
f 4285 4278 4277
f 4286 4281 4282
f 4285 4279 4278
f 4286 4282 4283
f 4285 4280 4279
f 4286 4283 4284
f 4285 4277 4280
f 4286 4284 4281
f 4287 4290 4289 4288
f 4291 4292 4293 4294
f 4287 4288 4292 4291
f 4290 4294 4293 4289
f 4287 4291 4294 4290
f 4288 4289 4293 4292
f 4295 4298 4297 4296
f 4299 4300 4301 4302
f 4295 4296 4300 4299
f 4298 4302 4301 4297
f 4295 4299 4302 4298
f 4296 4297 4301 4300
f 4303 4304 4308 4307
f 4304 4305 4309 4308
f 4305 4306 4310 4309
f 4306 4303 4307 4310
f 4311 4304 4303
f 4312 4307 4308
f 4311 4305 4304
f 4312 4308 4309
f 4311 4306 4305
f 4312 4309 4310
f 4311 4303 4306
f 4312 4310 4307
f 4313 4316 4315 4314
f 4317 4318 4319 4320
f 4313 4314 4318 4317
f 4316 4320 4319 4315
f 4313 4317 4320 4316
f 4314 4315 4319 4318
f 4321 4324 4323 4322
f 4325 4326 4327 4328
f 4321 4322 4326 4325
f 4324 4328 4327 4323
f 4321 4325 4328 4324
f 4322 4323 4327 4326
f 4329 4330 4334 4333
f 4330 4331 4335 4334
f 4331 4332 4336 4335
f 4332 4329 4333 4336
f 4337 4330 4329
f 4338 4333 4334
f 4337 4331 4330
f 4338 4334 4335
f 4337 4332 4331
f 4338 4335 4336
f 4337 4329 4332
f 4338 4336 4333
f 4339 4342 4341 4340
f 4343 4344 4345 4346
f 4339 4340 4344 4343
f 4342 4346 4345 4341
f 4339 4343 4346 4342
f 4340 4341 4345 4344
f 4347 4350 4349 4348
f 4351 4352 4353 4354
f 4347 4348 4352 4351
f 4350 4354 4353 4349
f 4347 4351 4354 4350
f 4348 4349 4353 4352
f 4355 4356 4360 4359
f 4356 4357 4361 4360
f 4357 4358 4362 4361
f 4358 4355 4359 4362
f 4363 4356 4355
f 4364 4359 4360
f 4363 4357 4356
f 4364 4360 4361
f 4363 4358 4357
f 4364 4361 4362
f 4363 4355 4358
f 4364 4362 4359
f 4365 4368 4367 4366
f 4369 4370 4371 4372
f 4365 4366 4370 4369
f 4368 4372 4371 4367
f 4365 4369 4372 4368
f 4366 4367 4371 4370
f 4373 4376 4375 4374
f 4377 4378 4379 4380
f 4373 4374 4378 4377
f 4376 4380 4379 4375
f 4373 4377 4380 4376
f 4374 4375 4379 4378
f 4381 4382 4386 4385
f 4382 4383 4387 4386
f 4383 4384 4388 4387
f 4384 4381 4385 4388
f 4389 4382 4381
f 4390 4385 4386
f 4389 4383 4382
f 4390 4386 4387
f 4389 4384 4383
f 4390 4387 4388
f 4389 4381 4384
f 4390 4388 4385
f 4391 4394 4393 4392
f 4395 4396 4397 4398
f 4391 4392 4396 4395
f 4394 4398 4397 4393
f 4391 4395 4398 4394
f 4392 4393 4397 4396
f 4399 4402 4401 4400
f 4403 4404 4405 4406
f 4399 4400 4404 4403
f 4402 4406 4405 4401
f 4399 4403 4406 4402
f 4400 4401 4405 4404
f 4407 4408 4412 4411
f 4408 4409 4413 4412
f 4409 4410 4414 4413
f 4410 4407 4411 4414
f 4415 4408 4407
f 4416 4411 4412
f 4415 4409 4408
f 4416 4412 4413
f 4415 4410 4409
f 4416 4413 4414
f 4415 4407 4410
f 4416 4414 4411
f 4417 4420 4419 4418
f 4421 4422 4423 4424
f 4417 4418 4422 4421
f 4420 4424 4423 4419
f 4417 4421 4424 4420
f 4418 4419 4423 4422
f 4425 4428 4427 4426
f 4429 4430 4431 4432
f 4425 4426 4430 4429
f 4428 4432 4431 4427
f 4425 4429 4432 4428
f 4426 4427 4431 4430
f 4433 4434 4438 4437
f 4434 4435 4439 4438
f 4435 4436 4440 4439
f 4436 4433 4437 4440
f 4441 4434 4433
f 4442 4437 4438
f 4441 4435 4434
f 4442 4438 4439
f 4441 4436 4435
f 4442 4439 4440
f 4441 4433 4436
f 4442 4440 4437
f 4443 4446 4445 4444
f 4447 4448 4449 4450
f 4443 4444 4448 4447
f 4446 4450 4449 4445
f 4443 4447 4450 4446
f 4444 4445 4449 4448
f 4451 4454 4453 4452
f 4455 4456 4457 4458
f 4451 4452 4456 4455
f 4454 4458 4457 4453
f 4451 4455 4458 4454
f 4452 4453 4457 4456
f 4459 4460 4464 4463
f 4460 4461 4465 4464
f 4461 4462 4466 4465
f 4462 4459 4463 4466
f 4467 4460 4459
f 4468 4463 4464
f 4467 4461 4460
f 4468 4464 4465
f 4467 4462 4461
f 4468 4465 4466
f 4467 4459 4462
f 4468 4466 4463
f 4469 4472 4471 4470
f 4473 4474 4475 4476
f 4469 4470 4474 4473
f 4472 4476 4475 4471
f 4469 4473 4476 4472
f 4470 4471 4475 4474
f 4477 4480 4479 4478
f 4481 4482 4483 4484
f 4477 4478 4482 4481
f 4480 4484 4483 4479
f 4477 4481 4484 4480
f 4478 4479 4483 4482
f 4485 4486 4490 4489
f 4486 4487 4491 4490
f 4487 4488 4492 4491
f 4488 4485 4489 4492
f 4493 4486 4485
f 4494 4489 4490
f 4493 4487 4486
f 4494 4490 4491
f 4493 4488 4487
f 4494 4491 4492
f 4493 4485 4488
f 4494 4492 4489
f 4495 4498 4497 4496
f 4499 4500 4501 4502
f 4495 4496 4500 4499
f 4498 4502 4501 4497
f 4495 4499 4502 4498
f 4496 4497 4501 4500
f 4503 4506 4505 4504
f 4507 4508 4509 4510
f 4503 4504 4508 4507
f 4506 4510 4509 4505
f 4503 4507 4510 4506
f 4504 4505 4509 4508
f 4511 4512 4516 4515
f 4512 4513 4517 4516
f 4513 4514 4518 4517
f 4514 4511 4515 4518
f 4519 4512 4511
f 4520 4515 4516
f 4519 4513 4512
f 4520 4516 4517
f 4519 4514 4513
f 4520 4517 4518
f 4519 4511 4514
f 4520 4518 4515
f 4521 4524 4523 4522
f 4525 4526 4527 4528
f 4521 4522 4526 4525
f 4524 4528 4527 4523
f 4521 4525 4528 4524
f 4522 4523 4527 4526
f 4529 4532 4531 4530
f 4533 4534 4535 4536
f 4529 4530 4534 4533
f 4532 4536 4535 4531
f 4529 4533 4536 4532
f 4530 4531 4535 4534
f 4537 4538 4542 4541
f 4538 4539 4543 4542
f 4539 4540 4544 4543
f 4540 4537 4541 4544
f 4545 4538 4537
f 4546 4541 4542
f 4545 4539 4538
f 4546 4542 4543
f 4545 4540 4539
f 4546 4543 4544
f 4545 4537 4540
f 4546 4544 4541
f 4547 4550 4549 4548
f 4551 4552 4553 4554
f 4547 4548 4552 4551
f 4550 4554 4553 4549
f 4547 4551 4554 4550
f 4548 4549 4553 4552
f 4555 4558 4557 4556
f 4559 4560 4561 4562
f 4555 4556 4560 4559
f 4558 4562 4561 4557
f 4555 4559 4562 4558
f 4556 4557 4561 4560
f 4563 4564 4568 4567
f 4564 4565 4569 4568
f 4565 4566 4570 4569
f 4566 4563 4567 4570
f 4571 4564 4563
f 4572 4567 4568
f 4571 4565 4564
f 4572 4568 4569
f 4571 4566 4565
f 4572 4569 4570
f 4571 4563 4566
f 4572 4570 4567
f 4573 4576 4575 4574
f 4577 4578 4579 4580
f 4573 4574 4578 4577
f 4576 4580 4579 4575
f 4573 4577 4580 4576
f 4574 4575 4579 4578
f 4581 4584 4583 4582
f 4585 4586 4587 4588
f 4581 4582 4586 4585
f 4584 4588 4587 4583
f 4581 4585 4588 4584
f 4582 4583 4587 4586
f 4589 4590 4594 4593
f 4590 4591 4595 4594
f 4591 4592 4596 4595
f 4592 4589 4593 4596
f 4597 4590 4589
f 4598 4593 4594
f 4597 4591 4590
f 4598 4594 4595
f 4597 4592 4591
f 4598 4595 4596
f 4597 4589 4592
f 4598 4596 4593
f 4599 4602 4601 4600
f 4603 4604 4605 4606
f 4599 4600 4604 4603
f 4602 4606 4605 4601
f 4599 4603 4606 4602
f 4600 4601 4605 4604
f 4607 4610 4609 4608
f 4611 4612 4613 4614
f 4607 4608 4612 4611
f 4610 4614 4613 4609
f 4607 4611 4614 4610
f 4608 4609 4613 4612

o CADENA_RUEDAS_B
usemtl metal_steel
v -45.5000 -31.5000 102.0000
v -48.0000 -31.5000 99.5000
v -50.5000 -31.5000 102.0000
v -48.0000 -31.5000 104.5000
v -45.5000 -24.5000 102.0000
v -48.0000 -24.5000 99.5000
v -50.5000 -24.5000 102.0000
v -48.0000 -24.5000 104.5000
v -48.0000 -31.5000 102.0000
v -48.0000 -24.5000 102.0000
v -54.9462 -24.5000 100.0000
v -41.0538 -24.5000 100.0000
v -41.0538 -22.5000 100.0000
v -54.9462 -22.5000 100.0000
v -54.9462 -24.5000 104.0000
v -41.0538 -24.5000 104.0000
v -41.0538 -22.5000 104.0000
v -54.9462 -22.5000 104.0000
v -54.9462 -33.5000 100.0000
v -41.0538 -33.5000 100.0000
v -41.0538 -31.5000 100.0000
v -54.9462 -31.5000 100.0000
v -54.9462 -33.5000 104.0000
v -41.0538 -33.5000 104.0000
v -41.0538 -31.5000 104.0000
v -54.9462 -31.5000 104.0000
v -33.4197 -31.5000 102.0000
v -35.9197 -31.5000 99.5000
v -38.4197 -31.5000 102.0000
v -35.9197 -31.5000 104.5000
v -33.4197 -24.5000 102.0000
v -35.9197 -24.5000 99.5000
v -38.4197 -24.5000 102.0000
v -35.9197 -24.5000 104.5000
v -35.9197 -31.5000 102.0000
v -35.9197 -24.5000 102.0000
v -42.8659 -24.5000 100.0000
v -28.9735 -24.5000 100.0000
v -28.9735 -22.5000 100.0000
v -42.8659 -22.5000 100.0000
v -42.8659 -24.5000 104.0000
v -28.9735 -24.5000 104.0000
v -28.9735 -22.5000 104.0000
v -42.8659 -22.5000 104.0000
v -42.8659 -33.5000 100.0000
v -28.9735 -33.5000 100.0000
v -28.9735 -31.5000 100.0000
v -42.8659 -31.5000 100.0000
v -42.8659 -33.5000 104.0000
v -28.9735 -33.5000 104.0000
v -28.9735 -31.5000 104.0000
v -42.8659 -31.5000 104.0000
v -21.3394 -31.5000 102.0000
v -23.8394 -31.5000 99.5000
v -26.3394 -31.5000 102.0000
v -23.8394 -31.5000 104.5000
v -21.3394 -24.5000 102.0000
v -23.8394 -24.5000 99.5000
v -26.3394 -24.5000 102.0000
v -23.8394 -24.5000 104.5000
v -23.8394 -31.5000 102.0000
v -23.8394 -24.5000 102.0000
v -30.7856 -24.5000 100.0000
v -16.8932 -24.5000 100.0000
v -16.8932 -22.5000 100.0000
v -30.7856 -22.5000 100.0000
v -30.7856 -24.5000 104.0000
v -16.8932 -24.5000 104.0000
v -16.8932 -22.5000 104.0000
v -30.7856 -22.5000 104.0000
v -30.7856 -33.5000 100.0000
v -16.8932 -33.5000 100.0000
v -16.8932 -31.5000 100.0000
v -30.7856 -31.5000 100.0000
v -30.7856 -33.5000 104.0000
v -16.8932 -33.5000 104.0000
v -16.8932 -31.5000 104.0000
v -30.7856 -31.5000 104.0000
v -9.2591 -31.5000 102.0000
v -11.7591 -31.5000 99.5000
v -14.2591 -31.5000 102.0000
v -11.7591 -31.5000 104.5000
v -9.2591 -24.5000 102.0000
v -11.7591 -24.5000 99.5000
v -14.2591 -24.5000 102.0000
v -11.7591 -24.5000 104.5000
v -11.7591 -31.5000 102.0000
v -11.7591 -24.5000 102.0000
v -18.7053 -24.5000 100.0000
v -4.8129 -24.5000 100.0000
v -4.8129 -22.5000 100.0000
v -18.7053 -22.5000 100.0000
v -18.7053 -24.5000 104.0000
v -4.8129 -24.5000 104.0000
v -4.8129 -22.5000 104.0000
v -18.7053 -22.5000 104.0000
v -18.7053 -33.5000 100.0000
v -4.8129 -33.5000 100.0000
v -4.8129 -31.5000 100.0000
v -18.7053 -31.5000 100.0000
v -18.7053 -33.5000 104.0000
v -4.8129 -33.5000 104.0000
v -4.8129 -31.5000 104.0000
v -18.7053 -31.5000 104.0000
v 2.8212 -31.5000 102.0000
v 0.3212 -31.5000 99.5000
v -2.1788 -31.5000 102.0000
v 0.3212 -31.5000 104.5000
v 2.8212 -24.5000 102.0000
v 0.3212 -24.5000 99.5000
v -2.1788 -24.5000 102.0000
v 0.3212 -24.5000 104.5000
v 0.3212 -31.5000 102.0000
v 0.3212 -24.5000 102.0000
v -6.6249 -24.5000 100.0000
v 7.2674 -24.5000 100.0000
v 7.2674 -22.5000 100.0000
v -6.6249 -22.5000 100.0000
v -6.6249 -24.5000 104.0000
v 7.2674 -24.5000 104.0000
v 7.2674 -22.5000 104.0000
v -6.6249 -22.5000 104.0000
v -6.6249 -33.5000 100.0000
v 7.2674 -33.5000 100.0000
v 7.2674 -31.5000 100.0000
v -6.6249 -31.5000 100.0000
v -6.6249 -33.5000 104.0000
v 7.2674 -33.5000 104.0000
v 7.2674 -31.5000 104.0000
v -6.6249 -31.5000 104.0000
v 14.9015 -31.5000 102.0000
v 12.4015 -31.5000 99.5000
v 9.9015 -31.5000 102.0000
v 12.4015 -31.5000 104.5000
v 14.9015 -24.5000 102.0000
v 12.4015 -24.5000 99.5000
v 9.9015 -24.5000 102.0000
v 12.4015 -24.5000 104.5000
v 12.4015 -31.5000 102.0000
v 12.4015 -24.5000 102.0000
v 5.4554 -24.5000 100.0000
v 19.3477 -24.5000 100.0000
v 19.3477 -22.5000 100.0000
v 5.4554 -22.5000 100.0000
v 5.4554 -24.5000 104.0000
v 19.3477 -24.5000 104.0000
v 19.3477 -22.5000 104.0000
v 5.4554 -22.5000 104.0000
v 5.4554 -33.5000 100.0000
v 19.3477 -33.5000 100.0000
v 19.3477 -31.5000 100.0000
v 5.4554 -31.5000 100.0000
v 5.4554 -33.5000 104.0000
v 19.3477 -33.5000 104.0000
v 19.3477 -31.5000 104.0000
v 5.4554 -31.5000 104.0000
v 26.9819 -31.5000 102.0000
v 24.4819 -31.5000 99.5000
v 21.9819 -31.5000 102.0000
v 24.4819 -31.5000 104.5000
v 26.9819 -24.5000 102.0000
v 24.4819 -24.5000 99.5000
v 21.9819 -24.5000 102.0000
v 24.4819 -24.5000 104.5000
v 24.4819 -31.5000 102.0000
v 24.4819 -24.5000 102.0000
v 17.5357 -24.5000 100.0000
v 31.4280 -24.5000 100.0000
v 31.4280 -22.5000 100.0000
v 17.5357 -22.5000 100.0000
v 17.5357 -24.5000 104.0000
v 31.4280 -24.5000 104.0000
v 31.4280 -22.5000 104.0000
v 17.5357 -22.5000 104.0000
v 17.5357 -33.5000 100.0000
v 31.4280 -33.5000 100.0000
v 31.4280 -31.5000 100.0000
v 17.5357 -31.5000 100.0000
v 17.5357 -33.5000 104.0000
v 31.4280 -33.5000 104.0000
v 31.4280 -31.5000 104.0000
v 17.5357 -31.5000 104.0000
v 39.0622 -31.5000 102.0000
v 36.5622 -31.5000 99.5000
v 34.0622 -31.5000 102.0000
v 36.5622 -31.5000 104.5000
v 39.0622 -24.5000 102.0000
v 36.5622 -24.5000 99.5000
v 34.0622 -24.5000 102.0000
v 36.5622 -24.5000 104.5000
v 36.5622 -31.5000 102.0000
v 36.5622 -24.5000 102.0000
v 29.6075 -24.5000 100.0355
v 43.4964 -24.5000 99.9646
v 43.4964 -22.5000 99.9646
v 29.6075 -22.5000 100.0355
v 29.6279 -24.5000 104.0354
v 43.5168 -24.5000 103.9645
v 43.5168 -22.5000 103.9645
v 29.6279 -22.5000 104.0354
v 29.6075 -33.5000 100.0355
v 43.4964 -33.5000 99.9646
v 43.4964 -31.5000 99.9646
v 29.6075 -31.5000 100.0355
v 29.6279 -33.5000 104.0354
v 43.5168 -33.5000 103.9645
v 43.5168 -31.5000 103.9645
v 29.6279 -31.5000 104.0354
v 51.1395 -31.5000 101.9384
v 48.6395 -31.5000 99.4384
v 46.1395 -31.5000 101.9384
v 48.6395 -31.5000 104.4384
v 51.1395 -24.5000 101.9384
v 48.6395 -24.5000 99.4384
v 46.1395 -24.5000 101.9384
v 48.6395 -24.5000 104.4384
v 48.6395 -31.5000 101.9384
v 48.6395 -24.5000 101.9384
v 42.1836 -24.5000 104.2297
v 52.7153 -24.5000 96.4323
v 52.7153 -22.5000 96.4323
v 42.1836 -22.5000 104.2297
v 44.5637 -24.5000 107.4445
v 55.0954 -24.5000 99.6471
v 55.0954 -22.5000 99.6471
v 44.5637 -22.5000 107.4445
v 42.1836 -33.5000 104.2297
v 52.7153 -33.5000 96.4323
v 52.7153 -31.5000 96.4323
v 42.1836 -31.5000 104.2297
v 44.5637 -33.5000 107.4445
v 55.0954 -33.5000 99.6471
v 55.0954 -31.5000 99.6471
v 44.5637 -31.5000 107.4445
v 60.2975 -31.5000 95.1580
v 57.7975 -31.5000 92.6580
v 55.2975 -31.5000 95.1580
v 57.7975 -31.5000 97.6580
v 60.2975 -24.5000 95.1580
v 57.7975 -24.5000 92.6580
v 55.2975 -24.5000 95.1580
v 57.7975 -24.5000 97.6580
v 57.7975 -31.5000 95.1580
v 57.7975 -24.5000 95.1580
v 57.0820 -24.5000 102.0582
v 54.5843 -24.5000 89.0098
v 54.5843 -22.5000 89.0098
v 57.0820 -22.5000 102.0582
v 61.0107 -24.5000 101.3061
v 58.5130 -24.5000 88.2578
v 58.5130 -22.5000 88.2578
v 61.0107 -22.5000 101.3061
v 57.0820 -33.5000 102.0582
v 54.5843 -33.5000 89.0098
v 54.5843 -31.5000 89.0098
v 57.0820 -31.5000 102.0582
v 61.0107 -33.5000 101.3061
v 58.5130 -33.5000 88.2578
v 58.5130 -31.5000 88.2578
v 61.0107 -31.5000 101.3061
v 58.1256 -31.5000 83.8116
v 55.6256 -31.5000 81.3116
v 53.1256 -31.5000 83.8116
v 55.6256 -31.5000 86.3116
v 58.1256 -24.5000 83.8116
v 55.6256 -24.5000 81.3116
v 53.1256 -24.5000 83.8116
v 55.6256 -24.5000 86.3116
v 55.6256 -31.5000 83.8116
v 55.6256 -24.5000 83.8116
v 57.4988 -24.5000 90.7930
v 50.3266 -24.5000 78.8953
v 50.3266 -22.5000 78.8953
v 57.4988 -22.5000 90.7930
v 60.9245 -24.5000 88.7280
v 53.7523 -24.5000 76.8302
v 53.7523 -22.5000 76.8302
v 60.9245 -22.5000 88.7280
v 57.4988 -33.5000 90.7930
v 50.3266 -33.5000 78.8953
v 50.3266 -31.5000 78.8953
v 57.4988 -31.5000 90.7930
v 60.9245 -33.5000 88.7280
v 53.7523 -33.5000 76.8302
v 53.7523 -31.5000 76.8302
v 60.9245 -31.5000 88.7280
v 51.8889 -31.5000 73.4657
v 49.3889 -31.5000 70.9657
v 46.8889 -31.5000 73.4657
v 49.3889 -31.5000 75.9657
v 51.8889 -24.5000 73.4657
v 49.3889 -24.5000 70.9657
v 46.8889 -24.5000 73.4657
v 49.3889 -24.5000 75.9657
v 49.3889 -31.5000 73.4657
v 49.3889 -24.5000 73.4657
v 51.2621 -24.5000 80.4471
v 44.0899 -24.5000 68.5494
v 44.0899 -22.5000 68.5494
v 51.2621 -22.5000 80.4471
v 54.6878 -24.5000 78.3821
v 47.5156 -24.5000 66.4843
v 47.5156 -22.5000 66.4843
v 54.6878 -22.5000 78.3821
v 51.2621 -33.5000 80.4471
v 44.0899 -33.5000 68.5494
v 44.0899 -31.5000 68.5494
v 51.2621 -31.5000 80.4471
v 54.6878 -33.5000 78.3821
v 47.5156 -33.5000 66.4843
v 47.5156 -31.5000 66.4843
v 54.6878 -31.5000 78.3821
v 45.6522 -31.5000 63.1198
v 43.1522 -31.5000 60.6198
v 40.6522 -31.5000 63.1198
v 43.1522 -31.5000 65.6198
v 45.6522 -24.5000 63.1198
v 43.1522 -24.5000 60.6198
v 40.6522 -24.5000 63.1198
v 43.1522 -24.5000 65.6198
v 43.1522 -31.5000 63.1198
v 43.1522 -24.5000 63.1198
v 45.0254 -24.5000 70.1013
v 37.8532 -24.5000 58.2035
v 37.8532 -22.5000 58.2035
v 45.0254 -22.5000 70.1013
v 48.4511 -24.5000 68.0362
v 41.2789 -24.5000 56.1384
v 41.2789 -22.5000 56.1384
v 48.4511 -22.5000 68.0362
v 45.0254 -33.5000 70.1013
v 37.8532 -33.5000 58.2035
v 37.8532 -31.5000 58.2035
v 45.0254 -31.5000 70.1013
v 48.4511 -33.5000 68.0362
v 41.2789 -33.5000 56.1384
v 41.2789 -31.5000 56.1384
v 48.4511 -31.5000 68.0362
v 39.4155 -31.5000 52.7739
v 36.9155 -31.5000 50.2739
v 34.4155 -31.5000 52.7739
v 36.9155 -31.5000 55.2739
v 39.4155 -24.5000 52.7739
v 36.9155 -24.5000 50.2739
v 34.4155 -24.5000 52.7739
v 36.9155 -24.5000 55.2739
v 36.9155 -31.5000 52.7739
v 36.9155 -24.5000 52.7739
v 38.7887 -24.5000 59.7554
v 31.6165 -24.5000 47.8576
v 31.6165 -22.5000 47.8576
v 38.7887 -22.5000 59.7554
v 42.2144 -24.5000 57.6903
v 35.0422 -24.5000 45.7925
v 35.0422 -22.5000 45.7925
v 42.2144 -22.5000 57.6903
v 38.7887 -33.5000 59.7554
v 31.6165 -33.5000 47.8576
v 31.6165 -31.5000 47.8576
v 38.7887 -31.5000 59.7554
v 42.2144 -33.5000 57.6903
v 35.0422 -33.5000 45.7925
v 35.0422 -31.5000 45.7925
v 42.2144 -31.5000 57.6903
v 33.1788 -31.5000 42.4280
v 30.6788 -31.5000 39.9280
v 28.1788 -31.5000 42.4280
v 30.6788 -31.5000 44.9280
v 33.1788 -24.5000 42.4280
v 30.6788 -24.5000 39.9280
v 28.1788 -24.5000 42.4280
v 30.6788 -24.5000 44.9280
v 30.6788 -31.5000 42.4280
v 30.6788 -24.5000 42.4280
v 32.5520 -24.5000 49.4095
v 25.3798 -24.5000 37.5117
v 25.3798 -22.5000 37.5117
v 32.5520 -22.5000 49.4095
v 35.9777 -24.5000 47.3444
v 28.8055 -24.5000 35.4466
v 28.8055 -22.5000 35.4466
v 35.9777 -22.5000 47.3444
v 32.5520 -33.5000 49.4095
v 25.3798 -33.5000 37.5117
v 25.3798 -31.5000 37.5117
v 32.5520 -31.5000 49.4095
v 35.9777 -33.5000 47.3444
v 28.8055 -33.5000 35.4466
v 28.8055 -31.5000 35.4466
v 35.9777 -31.5000 47.3444
v 26.9421 -31.5000 32.0821
v 24.4421 -31.5000 29.5821
v 21.9421 -31.5000 32.0821
v 24.4421 -31.5000 34.5821
v 26.9421 -24.5000 32.0821
v 24.4421 -24.5000 29.5821
v 21.9421 -24.5000 32.0821
v 24.4421 -24.5000 34.5821
v 24.4421 -31.5000 32.0821
v 24.4421 -24.5000 32.0821
v 26.3153 -24.5000 39.0636
v 19.1432 -24.5000 27.1658
v 19.1432 -22.5000 27.1658
v 26.3153 -22.5000 39.0636
v 29.7411 -24.5000 36.9985
v 22.5689 -24.5000 25.1007
v 22.5689 -22.5000 25.1007
v 29.7411 -22.5000 36.9985
v 26.3153 -33.5000 39.0636
v 19.1432 -33.5000 27.1658
v 19.1432 -31.5000 27.1658
v 26.3153 -31.5000 39.0636
v 29.7411 -33.5000 36.9985
v 22.5689 -33.5000 25.1007
v 22.5689 -31.5000 25.1007
v 29.7411 -31.5000 36.9985
v 20.7054 -31.5000 21.7362
v 18.2054 -31.5000 19.2362
v 15.7054 -31.5000 21.7362
v 18.2054 -31.5000 24.2362
v 20.7054 -24.5000 21.7362
v 18.2054 -24.5000 19.2362
v 15.7054 -24.5000 21.7362
v 18.2054 -24.5000 24.2362
v 18.2054 -31.5000 21.7362
v 18.2054 -24.5000 21.7362
v 20.0787 -24.5000 28.7177
v 12.9065 -24.5000 16.8199
v 12.9065 -22.5000 16.8199
v 20.0787 -22.5000 28.7177
v 23.5044 -24.5000 26.6526
v 16.3322 -24.5000 14.7548
v 16.3322 -22.5000 14.7548
v 23.5044 -22.5000 26.6526
v 20.0787 -33.5000 28.7177
v 12.9065 -33.5000 16.8199
v 12.9065 -31.5000 16.8199
v 20.0787 -31.5000 28.7177
v 23.5044 -33.5000 26.6526
v 16.3322 -33.5000 14.7548
v 16.3322 -31.5000 14.7548
v 23.5044 -31.5000 26.6526
v 14.4687 -31.5000 11.3903
v 11.9687 -31.5000 8.8903
v 9.4687 -31.5000 11.3903
v 11.9687 -31.5000 13.8903
v 14.4687 -24.5000 11.3903
v 11.9687 -24.5000 8.8903
v 9.4687 -24.5000 11.3903
v 11.9687 -24.5000 13.8903
v 11.9687 -31.5000 11.3903
v 11.9687 -24.5000 11.3903
v 14.1605 -24.5000 18.2415
v 6.4563 -24.5000 6.7692
v 6.4563 -22.5000 6.7692
v 14.1605 -22.5000 18.2415
v 17.4812 -24.5000 16.0115
v 9.7770 -24.5000 4.5392
v 9.7770 -22.5000 4.5392
v 17.4812 -22.5000 16.0115
v 14.1605 -33.5000 18.2415
v 6.4563 -33.5000 6.7692
v 6.4563 -31.5000 6.7692
v 14.1605 -31.5000 18.2415
v 17.4812 -33.5000 16.0115
v 9.7770 -33.5000 4.5392
v 9.7770 -31.5000 4.5392
v 17.4812 -31.5000 16.0115
v 7.7695 -31.5000 1.4145
v 5.2695 -31.5000 -1.0855
v 2.7695 -31.5000 1.4145
v 5.2695 -31.5000 3.9145
v 7.7695 -24.5000 1.4145
v 5.2695 -24.5000 -1.0855
v 2.7695 -24.5000 1.4145
v 5.2695 -24.5000 3.9145
v 5.2695 -31.5000 1.4145
v 5.2695 -24.5000 1.4145
v 11.6947 -24.5000 3.1918
v -1.0165 -24.5000 3.6347
v -1.0165 -22.5000 3.6347
v 11.6947 -22.5000 3.1918
v 11.5554 -24.5000 -0.8057
v -1.1558 -24.5000 -0.3629
v -1.1558 -22.5000 -0.3629
v 11.5554 -22.5000 -0.8057
v 11.6947 -33.5000 3.1918
v -1.0165 -33.5000 3.6347
v -1.0165 -31.5000 3.6347
v 11.6947 -31.5000 3.1918
v 11.5554 -33.5000 -0.8057
v -1.1558 -33.5000 -0.3629
v -1.1558 -31.5000 -0.3629
v 11.5554 -31.5000 -0.8057
v -3.2837 -31.5000 1.7995
v -5.7837 -31.5000 -0.7005
v -8.2837 -31.5000 1.7995
v -5.7837 -31.5000 4.2995
v -3.2837 -24.5000 1.7995
v -5.7837 -24.5000 -0.7005
v -8.2837 -24.5000 1.7995
v -5.7837 -24.5000 4.2995
v -5.7837 -31.5000 1.7995
v -5.7837 -24.5000 1.7995
v -0.3541 -24.5000 -2.9503
v -7.8483 -24.5000 8.7118
v -7.8483 -22.5000 8.7118
v -0.3541 -22.5000 -2.9503
v -3.7192 -24.5000 -5.1128
v -11.2134 -24.5000 6.5494
v -11.2134 -22.5000 6.5494
v -3.7192 -22.5000 -5.1128
v -0.3541 -33.5000 -2.9503
v -7.8483 -33.5000 8.7118
v -7.8483 -31.5000 8.7118
v -0.3541 -31.5000 -2.9503
v -3.7192 -33.5000 -5.1128
v -11.2134 -33.5000 6.5494
v -11.2134 -31.5000 6.5494
v -3.7192 -31.5000 -5.1128
v -9.8004 -31.5000 11.9406
v -12.3004 -31.5000 9.4406
v -14.8004 -31.5000 11.9406
v -12.3004 -31.5000 14.4406
v -9.8004 -24.5000 11.9406
v -12.3004 -24.5000 9.4406
v -14.8004 -24.5000 11.9406
v -12.3004 -24.5000 14.4406
v -12.3004 -31.5000 11.9406
v -12.3004 -24.5000 11.9406
v -7.0015 -24.5000 7.0242
v -14.1737 -24.5000 18.9220
v -14.1737 -22.5000 18.9220
v -7.0015 -22.5000 7.0242
v -10.4272 -24.5000 4.9591
v -17.5994 -24.5000 16.8569
v -17.5994 -22.5000 16.8569
v -10.4272 -22.5000 4.9591
v -7.0015 -33.5000 7.0242
v -14.1737 -33.5000 18.9220
v -14.1737 -31.5000 18.9220
v -7.0015 -31.5000 7.0242
v -10.4272 -33.5000 4.9591
v -17.5994 -33.5000 16.8569
v -17.5994 -31.5000 16.8569
v -10.4272 -31.5000 4.9591
v -16.0371 -31.5000 22.2865
v -18.5371 -31.5000 19.7865
v -21.0371 -31.5000 22.2865
v -18.5371 -31.5000 24.7865
v -16.0371 -24.5000 22.2865
v -18.5371 -24.5000 19.7865
v -21.0371 -24.5000 22.2865
v -18.5371 -24.5000 24.7865
v -18.5371 -31.5000 22.2865
v -18.5371 -24.5000 22.2865
v -13.2381 -24.5000 17.3701
v -20.4103 -24.5000 29.2679
v -20.4103 -22.5000 29.2679
v -13.2381 -22.5000 17.3701
v -16.6639 -24.5000 15.3050
v -23.8360 -24.5000 27.2028
v -23.8360 -22.5000 27.2028
v -16.6639 -22.5000 15.3050
v -13.2381 -33.5000 17.3701
v -20.4103 -33.5000 29.2679
v -20.4103 -31.5000 29.2679
v -13.2381 -31.5000 17.3701
v -16.6639 -33.5000 15.3050
v -23.8360 -33.5000 27.2028
v -23.8360 -31.5000 27.2028
v -16.6639 -31.5000 15.3050
v -22.2738 -31.5000 32.6324
v -24.7738 -31.5000 30.1324
v -27.2738 -31.5000 32.6324
v -24.7738 -31.5000 35.1324
v -22.2738 -24.5000 32.6324
v -24.7738 -24.5000 30.1324
v -27.2738 -24.5000 32.6324
v -24.7738 -24.5000 35.1324
v -24.7738 -31.5000 32.6324
v -24.7738 -24.5000 32.6324
v -19.4748 -24.5000 27.7160
v -26.6470 -24.5000 39.6138
v -26.6470 -22.5000 39.6138
v -19.4748 -22.5000 27.7160
v -22.9005 -24.5000 25.6509
v -30.0727 -24.5000 37.5487
v -30.0727 -22.5000 37.5487
v -22.9005 -22.5000 25.6509
v -19.4748 -33.5000 27.7160
v -26.6470 -33.5000 39.6138
v -26.6470 -31.5000 39.6138
v -19.4748 -31.5000 27.7160
v -22.9005 -33.5000 25.6509
v -30.0727 -33.5000 37.5487
v -30.0727 -31.5000 37.5487
v -22.9005 -31.5000 25.6509
v -28.5105 -31.5000 42.9783
v -31.0105 -31.5000 40.4783
v -33.5105 -31.5000 42.9783
v -31.0105 -31.5000 45.4783
v -28.5105 -24.5000 42.9783
v -31.0105 -24.5000 40.4783
v -33.5105 -24.5000 42.9783
v -31.0105 -24.5000 45.4783
v -31.0105 -31.5000 42.9783
v -31.0105 -24.5000 42.9783
v -25.7115 -24.5000 38.0619
v -32.8837 -24.5000 49.9597
v -32.8837 -22.5000 49.9597
v -25.7115 -22.5000 38.0619
v -29.1372 -24.5000 35.9968
v -36.3094 -24.5000 47.8946
v -36.3094 -22.5000 47.8946
v -29.1372 -22.5000 35.9968
v -25.7115 -33.5000 38.0619
v -32.8837 -33.5000 49.9597
v -32.8837 -31.5000 49.9597
v -25.7115 -31.5000 38.0619
v -29.1372 -33.5000 35.9968
v -36.3094 -33.5000 47.8946
v -36.3094 -31.5000 47.8946
v -29.1372 -31.5000 35.9968
v -34.7472 -31.5000 53.3242
v -37.2472 -31.5000 50.8242
v -39.7472 -31.5000 53.3242
v -37.2472 -31.5000 55.8242
v -34.7472 -24.5000 53.3242
v -37.2472 -24.5000 50.8242
v -39.7472 -24.5000 53.3242
v -37.2472 -24.5000 55.8242
v -37.2472 -31.5000 53.3242
v -37.2472 -24.5000 53.3242
v -31.9482 -24.5000 48.4078
v -39.1204 -24.5000 60.3056
v -39.1204 -22.5000 60.3056
v -31.9482 -22.5000 48.4078
v -35.3739 -24.5000 46.3427
v -42.5461 -24.5000 58.2405
v -42.5461 -22.5000 58.2405
v -35.3739 -22.5000 46.3427
v -31.9482 -33.5000 48.4078
v -39.1204 -33.5000 60.3056
v -39.1204 -31.5000 60.3056
v -31.9482 -31.5000 48.4078
v -35.3739 -33.5000 46.3427
v -42.5461 -33.5000 58.2405
v -42.5461 -31.5000 58.2405
v -35.3739 -31.5000 46.3427
v -40.9839 -31.5000 63.6701
v -43.4839 -31.5000 61.1701
v -45.9839 -31.5000 63.6701
v -43.4839 -31.5000 66.1701
v -40.9839 -24.5000 63.6701
v -43.4839 -24.5000 61.1701
v -45.9839 -24.5000 63.6701
v -43.4839 -24.5000 66.1701
v -43.4839 -31.5000 63.6701
v -43.4839 -24.5000 63.6701
v -38.1849 -24.5000 58.7537
v -45.3571 -24.5000 70.6515
v -45.3571 -22.5000 70.6515
v -38.1849 -22.5000 58.7537
v -41.6106 -24.5000 56.6886
v -48.7828 -24.5000 68.5864
v -48.7828 -22.5000 68.5864
v -41.6106 -22.5000 56.6886
v -38.1849 -33.5000 58.7537
v -45.3571 -33.5000 70.6515
v -45.3571 -31.5000 70.6515
v -38.1849 -31.5000 58.7537
v -41.6106 -33.5000 56.6886
v -48.7828 -33.5000 68.5864
v -48.7828 -31.5000 68.5864
v -41.6106 -31.5000 56.6886
v -47.2205 -31.5000 74.0159
v -49.7205 -31.5000 71.5159
v -52.2205 -31.5000 74.0159
v -49.7205 -31.5000 76.5159
v -47.2205 -24.5000 74.0159
v -49.7205 -24.5000 71.5159
v -52.2205 -24.5000 74.0159
v -49.7205 -24.5000 76.5159
v -49.7205 -31.5000 74.0159
v -49.7205 -24.5000 74.0159
v -44.4216 -24.5000 69.0996
v -51.5938 -24.5000 80.9974
v -51.5938 -22.5000 80.9974
v -44.4216 -22.5000 69.0996
v -47.8473 -24.5000 67.0345
v -55.0195 -24.5000 78.9323
v -55.0195 -22.5000 78.9323
v -47.8473 -22.5000 67.0345
v -44.4216 -33.5000 69.0996
v -51.5938 -33.5000 80.9974
v -51.5938 -31.5000 80.9974
v -44.4216 -31.5000 69.0996
v -47.8473 -33.5000 67.0345
v -55.0195 -33.5000 78.9323
v -55.0195 -31.5000 78.9323
v -47.8473 -31.5000 67.0345
v -53.4572 -31.5000 84.3618
v -55.9572 -31.5000 81.8618
v -58.4572 -31.5000 84.3618
v -55.9572 -31.5000 86.8618
v -53.4572 -24.5000 84.3618
v -55.9572 -24.5000 81.8618
v -58.4572 -24.5000 84.3618
v -55.9572 -24.5000 86.8618
v -55.9572 -31.5000 84.3618
v -55.9572 -24.5000 84.3618
v -53.0367 -24.5000 78.0878
v -54.9183 -24.5000 91.2039
v -54.9183 -22.5000 91.2039
v -53.0367 -22.5000 78.0878
v -56.9962 -24.5000 77.5198
v -58.8778 -24.5000 90.6359
v -58.8778 -22.5000 90.6359
v -56.9962 -22.5000 77.5198
v -53.0367 -33.5000 78.0878
v -54.9183 -33.5000 91.2039
v -54.9183 -31.5000 91.2039
v -53.0367 -31.5000 78.0878
v -56.9962 -33.5000 77.5198
v -58.8778 -33.5000 90.6359
v -58.8778 -31.5000 90.6359
v -56.9962 -31.5000 77.5198
v -55.0934 -31.5000 95.7671
v -57.5934 -31.5000 93.2671
v -60.0934 -31.5000 95.7671
v -57.5934 -31.5000 98.2671
v -55.0934 -24.5000 95.7671
v -57.5934 -24.5000 93.2671
v -60.0934 -24.5000 95.7671
v -57.5934 -24.5000 98.2671
v -57.5934 -31.5000 95.7671
v -57.5934 -24.5000 95.7671
v -62.0199 -24.5000 90.5061
v -50.9876 -24.5000 97.6739
v -50.9876 -22.5000 97.6739
v -62.0199 -22.5000 90.5061
v -64.1992 -24.5000 93.8603
v -53.1668 -24.5000 101.0281
v -53.1668 -22.5000 101.0281
v -64.1992 -22.5000 93.8603
v -62.0199 -33.5000 90.5061
v -50.9876 -33.5000 97.6739
v -50.9876 -31.5000 97.6739
v -62.0199 -31.5000 90.5061
v -64.1992 -33.5000 93.8603
v -53.1668 -33.5000 101.0281
v -53.1668 -31.5000 101.0281
v -64.1992 -31.5000 93.8603
f 4615 4616 4620 4619
f 4616 4617 4621 4620
f 4617 4618 4622 4621
f 4618 4615 4619 4622
f 4623 4616 4615
f 4624 4619 4620
f 4623 4617 4616
f 4624 4620 4621
f 4623 4618 4617
f 4624 4621 4622
f 4623 4615 4618
f 4624 4622 4619
f 4625 4628 4627 4626
f 4629 4630 4631 4632
f 4625 4626 4630 4629
f 4628 4632 4631 4627
f 4625 4629 4632 4628
f 4626 4627 4631 4630
f 4633 4636 4635 4634
f 4637 4638 4639 4640
f 4633 4634 4638 4637
f 4636 4640 4639 4635
f 4633 4637 4640 4636
f 4634 4635 4639 4638
f 4641 4642 4646 4645
f 4642 4643 4647 4646
f 4643 4644 4648 4647
f 4644 4641 4645 4648
f 4649 4642 4641
f 4650 4645 4646
f 4649 4643 4642
f 4650 4646 4647
f 4649 4644 4643
f 4650 4647 4648
f 4649 4641 4644
f 4650 4648 4645
f 4651 4654 4653 4652
f 4655 4656 4657 4658
f 4651 4652 4656 4655
f 4654 4658 4657 4653
f 4651 4655 4658 4654
f 4652 4653 4657 4656
f 4659 4662 4661 4660
f 4663 4664 4665 4666
f 4659 4660 4664 4663
f 4662 4666 4665 4661
f 4659 4663 4666 4662
f 4660 4661 4665 4664
f 4667 4668 4672 4671
f 4668 4669 4673 4672
f 4669 4670 4674 4673
f 4670 4667 4671 4674
f 4675 4668 4667
f 4676 4671 4672
f 4675 4669 4668
f 4676 4672 4673
f 4675 4670 4669
f 4676 4673 4674
f 4675 4667 4670
f 4676 4674 4671
f 4677 4680 4679 4678
f 4681 4682 4683 4684
f 4677 4678 4682 4681
f 4680 4684 4683 4679
f 4677 4681 4684 4680
f 4678 4679 4683 4682
f 4685 4688 4687 4686
f 4689 4690 4691 4692
f 4685 4686 4690 4689
f 4688 4692 4691 4687
f 4685 4689 4692 4688
f 4686 4687 4691 4690
f 4693 4694 4698 4697
f 4694 4695 4699 4698
f 4695 4696 4700 4699
f 4696 4693 4697 4700
f 4701 4694 4693
f 4702 4697 4698
f 4701 4695 4694
f 4702 4698 4699
f 4701 4696 4695
f 4702 4699 4700
f 4701 4693 4696
f 4702 4700 4697
f 4703 4706 4705 4704
f 4707 4708 4709 4710
f 4703 4704 4708 4707
f 4706 4710 4709 4705
f 4703 4707 4710 4706
f 4704 4705 4709 4708
f 4711 4714 4713 4712
f 4715 4716 4717 4718
f 4711 4712 4716 4715
f 4714 4718 4717 4713
f 4711 4715 4718 4714
f 4712 4713 4717 4716
f 4719 4720 4724 4723
f 4720 4721 4725 4724
f 4721 4722 4726 4725
f 4722 4719 4723 4726
f 4727 4720 4719
f 4728 4723 4724
f 4727 4721 4720
f 4728 4724 4725
f 4727 4722 4721
f 4728 4725 4726
f 4727 4719 4722
f 4728 4726 4723
f 4729 4732 4731 4730
f 4733 4734 4735 4736
f 4729 4730 4734 4733
f 4732 4736 4735 4731
f 4729 4733 4736 4732
f 4730 4731 4735 4734
f 4737 4740 4739 4738
f 4741 4742 4743 4744
f 4737 4738 4742 4741
f 4740 4744 4743 4739
f 4737 4741 4744 4740
f 4738 4739 4743 4742
f 4745 4746 4750 4749
f 4746 4747 4751 4750
f 4747 4748 4752 4751
f 4748 4745 4749 4752
f 4753 4746 4745
f 4754 4749 4750
f 4753 4747 4746
f 4754 4750 4751
f 4753 4748 4747
f 4754 4751 4752
f 4753 4745 4748
f 4754 4752 4749
f 4755 4758 4757 4756
f 4759 4760 4761 4762
f 4755 4756 4760 4759
f 4758 4762 4761 4757
f 4755 4759 4762 4758
f 4756 4757 4761 4760
f 4763 4766 4765 4764
f 4767 4768 4769 4770
f 4763 4764 4768 4767
f 4766 4770 4769 4765
f 4763 4767 4770 4766
f 4764 4765 4769 4768
f 4771 4772 4776 4775
f 4772 4773 4777 4776
f 4773 4774 4778 4777
f 4774 4771 4775 4778
f 4779 4772 4771
f 4780 4775 4776
f 4779 4773 4772
f 4780 4776 4777
f 4779 4774 4773
f 4780 4777 4778
f 4779 4771 4774
f 4780 4778 4775
f 4781 4784 4783 4782
f 4785 4786 4787 4788
f 4781 4782 4786 4785
f 4784 4788 4787 4783
f 4781 4785 4788 4784
f 4782 4783 4787 4786
f 4789 4792 4791 4790
f 4793 4794 4795 4796
f 4789 4790 4794 4793
f 4792 4796 4795 4791
f 4789 4793 4796 4792
f 4790 4791 4795 4794
f 4797 4798 4802 4801
f 4798 4799 4803 4802
f 4799 4800 4804 4803
f 4800 4797 4801 4804
f 4805 4798 4797
f 4806 4801 4802
f 4805 4799 4798
f 4806 4802 4803
f 4805 4800 4799
f 4806 4803 4804
f 4805 4797 4800
f 4806 4804 4801
f 4807 4810 4809 4808
f 4811 4812 4813 4814
f 4807 4808 4812 4811
f 4810 4814 4813 4809
f 4807 4811 4814 4810
f 4808 4809 4813 4812
f 4815 4818 4817 4816
f 4819 4820 4821 4822
f 4815 4816 4820 4819
f 4818 4822 4821 4817
f 4815 4819 4822 4818
f 4816 4817 4821 4820
f 4823 4824 4828 4827
f 4824 4825 4829 4828
f 4825 4826 4830 4829
f 4826 4823 4827 4830
f 4831 4824 4823
f 4832 4827 4828
f 4831 4825 4824
f 4832 4828 4829
f 4831 4826 4825
f 4832 4829 4830
f 4831 4823 4826
f 4832 4830 4827
f 4833 4836 4835 4834
f 4837 4838 4839 4840
f 4833 4834 4838 4837
f 4836 4840 4839 4835
f 4833 4837 4840 4836
f 4834 4835 4839 4838
f 4841 4844 4843 4842
f 4845 4846 4847 4848
f 4841 4842 4846 4845
f 4844 4848 4847 4843
f 4841 4845 4848 4844
f 4842 4843 4847 4846
f 4849 4850 4854 4853
f 4850 4851 4855 4854
f 4851 4852 4856 4855
f 4852 4849 4853 4856
f 4857 4850 4849
f 4858 4853 4854
f 4857 4851 4850
f 4858 4854 4855
f 4857 4852 4851
f 4858 4855 4856
f 4857 4849 4852
f 4858 4856 4853
f 4859 4862 4861 4860
f 4863 4864 4865 4866
f 4859 4860 4864 4863
f 4862 4866 4865 4861
f 4859 4863 4866 4862
f 4860 4861 4865 4864
f 4867 4870 4869 4868
f 4871 4872 4873 4874
f 4867 4868 4872 4871
f 4870 4874 4873 4869
f 4867 4871 4874 4870
f 4868 4869 4873 4872
f 4875 4876 4880 4879
f 4876 4877 4881 4880
f 4877 4878 4882 4881
f 4878 4875 4879 4882
f 4883 4876 4875
f 4884 4879 4880
f 4883 4877 4876
f 4884 4880 4881
f 4883 4878 4877
f 4884 4881 4882
f 4883 4875 4878
f 4884 4882 4879
f 4885 4888 4887 4886
f 4889 4890 4891 4892
f 4885 4886 4890 4889
f 4888 4892 4891 4887
f 4885 4889 4892 4888
f 4886 4887 4891 4890
f 4893 4896 4895 4894
f 4897 4898 4899 4900
f 4893 4894 4898 4897
f 4896 4900 4899 4895
f 4893 4897 4900 4896
f 4894 4895 4899 4898
f 4901 4902 4906 4905
f 4902 4903 4907 4906
f 4903 4904 4908 4907
f 4904 4901 4905 4908
f 4909 4902 4901
f 4910 4905 4906
f 4909 4903 4902
f 4910 4906 4907
f 4909 4904 4903
f 4910 4907 4908
f 4909 4901 4904
f 4910 4908 4905
f 4911 4914 4913 4912
f 4915 4916 4917 4918
f 4911 4912 4916 4915
f 4914 4918 4917 4913
f 4911 4915 4918 4914
f 4912 4913 4917 4916
f 4919 4922 4921 4920
f 4923 4924 4925 4926
f 4919 4920 4924 4923
f 4922 4926 4925 4921
f 4919 4923 4926 4922
f 4920 4921 4925 4924
f 4927 4928 4932 4931
f 4928 4929 4933 4932
f 4929 4930 4934 4933
f 4930 4927 4931 4934
f 4935 4928 4927
f 4936 4931 4932
f 4935 4929 4928
f 4936 4932 4933
f 4935 4930 4929
f 4936 4933 4934
f 4935 4927 4930
f 4936 4934 4931
f 4937 4940 4939 4938
f 4941 4942 4943 4944
f 4937 4938 4942 4941
f 4940 4944 4943 4939
f 4937 4941 4944 4940
f 4938 4939 4943 4942
f 4945 4948 4947 4946
f 4949 4950 4951 4952
f 4945 4946 4950 4949
f 4948 4952 4951 4947
f 4945 4949 4952 4948
f 4946 4947 4951 4950
f 4953 4954 4958 4957
f 4954 4955 4959 4958
f 4955 4956 4960 4959
f 4956 4953 4957 4960
f 4961 4954 4953
f 4962 4957 4958
f 4961 4955 4954
f 4962 4958 4959
f 4961 4956 4955
f 4962 4959 4960
f 4961 4953 4956
f 4962 4960 4957
f 4963 4966 4965 4964
f 4967 4968 4969 4970
f 4963 4964 4968 4967
f 4966 4970 4969 4965
f 4963 4967 4970 4966
f 4964 4965 4969 4968
f 4971 4974 4973 4972
f 4975 4976 4977 4978
f 4971 4972 4976 4975
f 4974 4978 4977 4973
f 4971 4975 4978 4974
f 4972 4973 4977 4976
f 4979 4980 4984 4983
f 4980 4981 4985 4984
f 4981 4982 4986 4985
f 4982 4979 4983 4986
f 4987 4980 4979
f 4988 4983 4984
f 4987 4981 4980
f 4988 4984 4985
f 4987 4982 4981
f 4988 4985 4986
f 4987 4979 4982
f 4988 4986 4983
f 4989 4992 4991 4990
f 4993 4994 4995 4996
f 4989 4990 4994 4993
f 4992 4996 4995 4991
f 4989 4993 4996 4992
f 4990 4991 4995 4994
f 4997 5000 4999 4998
f 5001 5002 5003 5004
f 4997 4998 5002 5001
f 5000 5004 5003 4999
f 4997 5001 5004 5000
f 4998 4999 5003 5002
f 5005 5006 5010 5009
f 5006 5007 5011 5010
f 5007 5008 5012 5011
f 5008 5005 5009 5012
f 5013 5006 5005
f 5014 5009 5010
f 5013 5007 5006
f 5014 5010 5011
f 5013 5008 5007
f 5014 5011 5012
f 5013 5005 5008
f 5014 5012 5009
f 5015 5018 5017 5016
f 5019 5020 5021 5022
f 5015 5016 5020 5019
f 5018 5022 5021 5017
f 5015 5019 5022 5018
f 5016 5017 5021 5020
f 5023 5026 5025 5024
f 5027 5028 5029 5030
f 5023 5024 5028 5027
f 5026 5030 5029 5025
f 5023 5027 5030 5026
f 5024 5025 5029 5028
f 5031 5032 5036 5035
f 5032 5033 5037 5036
f 5033 5034 5038 5037
f 5034 5031 5035 5038
f 5039 5032 5031
f 5040 5035 5036
f 5039 5033 5032
f 5040 5036 5037
f 5039 5034 5033
f 5040 5037 5038
f 5039 5031 5034
f 5040 5038 5035
f 5041 5044 5043 5042
f 5045 5046 5047 5048
f 5041 5042 5046 5045
f 5044 5048 5047 5043
f 5041 5045 5048 5044
f 5042 5043 5047 5046
f 5049 5052 5051 5050
f 5053 5054 5055 5056
f 5049 5050 5054 5053
f 5052 5056 5055 5051
f 5049 5053 5056 5052
f 5050 5051 5055 5054
f 5057 5058 5062 5061
f 5058 5059 5063 5062
f 5059 5060 5064 5063
f 5060 5057 5061 5064
f 5065 5058 5057
f 5066 5061 5062
f 5065 5059 5058
f 5066 5062 5063
f 5065 5060 5059
f 5066 5063 5064
f 5065 5057 5060
f 5066 5064 5061
f 5067 5070 5069 5068
f 5071 5072 5073 5074
f 5067 5068 5072 5071
f 5070 5074 5073 5069
f 5067 5071 5074 5070
f 5068 5069 5073 5072
f 5075 5078 5077 5076
f 5079 5080 5081 5082
f 5075 5076 5080 5079
f 5078 5082 5081 5077
f 5075 5079 5082 5078
f 5076 5077 5081 5080
f 5083 5084 5088 5087
f 5084 5085 5089 5088
f 5085 5086 5090 5089
f 5086 5083 5087 5090
f 5091 5084 5083
f 5092 5087 5088
f 5091 5085 5084
f 5092 5088 5089
f 5091 5086 5085
f 5092 5089 5090
f 5091 5083 5086
f 5092 5090 5087
f 5093 5096 5095 5094
f 5097 5098 5099 5100
f 5093 5094 5098 5097
f 5096 5100 5099 5095
f 5093 5097 5100 5096
f 5094 5095 5099 5098
f 5101 5104 5103 5102
f 5105 5106 5107 5108
f 5101 5102 5106 5105
f 5104 5108 5107 5103
f 5101 5105 5108 5104
f 5102 5103 5107 5106
f 5109 5110 5114 5113
f 5110 5111 5115 5114
f 5111 5112 5116 5115
f 5112 5109 5113 5116
f 5117 5110 5109
f 5118 5113 5114
f 5117 5111 5110
f 5118 5114 5115
f 5117 5112 5111
f 5118 5115 5116
f 5117 5109 5112
f 5118 5116 5113
f 5119 5122 5121 5120
f 5123 5124 5125 5126
f 5119 5120 5124 5123
f 5122 5126 5125 5121
f 5119 5123 5126 5122
f 5120 5121 5125 5124
f 5127 5130 5129 5128
f 5131 5132 5133 5134
f 5127 5128 5132 5131
f 5130 5134 5133 5129
f 5127 5131 5134 5130
f 5128 5129 5133 5132
f 5135 5136 5140 5139
f 5136 5137 5141 5140
f 5137 5138 5142 5141
f 5138 5135 5139 5142
f 5143 5136 5135
f 5144 5139 5140
f 5143 5137 5136
f 5144 5140 5141
f 5143 5138 5137
f 5144 5141 5142
f 5143 5135 5138
f 5144 5142 5139
f 5145 5148 5147 5146
f 5149 5150 5151 5152
f 5145 5146 5150 5149
f 5148 5152 5151 5147
f 5145 5149 5152 5148
f 5146 5147 5151 5150
f 5153 5156 5155 5154
f 5157 5158 5159 5160
f 5153 5154 5158 5157
f 5156 5160 5159 5155
f 5153 5157 5160 5156
f 5154 5155 5159 5158
f 5161 5162 5166 5165
f 5162 5163 5167 5166
f 5163 5164 5168 5167
f 5164 5161 5165 5168
f 5169 5162 5161
f 5170 5165 5166
f 5169 5163 5162
f 5170 5166 5167
f 5169 5164 5163
f 5170 5167 5168
f 5169 5161 5164
f 5170 5168 5165
f 5171 5174 5173 5172
f 5175 5176 5177 5178
f 5171 5172 5176 5175
f 5174 5178 5177 5173
f 5171 5175 5178 5174
f 5172 5173 5177 5176
f 5179 5182 5181 5180
f 5183 5184 5185 5186
f 5179 5180 5184 5183
f 5182 5186 5185 5181
f 5179 5183 5186 5182
f 5180 5181 5185 5184
f 5187 5188 5192 5191
f 5188 5189 5193 5192
f 5189 5190 5194 5193
f 5190 5187 5191 5194
f 5195 5188 5187
f 5196 5191 5192
f 5195 5189 5188
f 5196 5192 5193
f 5195 5190 5189
f 5196 5193 5194
f 5195 5187 5190
f 5196 5194 5191
f 5197 5200 5199 5198
f 5201 5202 5203 5204
f 5197 5198 5202 5201
f 5200 5204 5203 5199
f 5197 5201 5204 5200
f 5198 5199 5203 5202
f 5205 5208 5207 5206
f 5209 5210 5211 5212
f 5205 5206 5210 5209
f 5208 5212 5211 5207
f 5205 5209 5212 5208
f 5206 5207 5211 5210
f 5213 5214 5218 5217
f 5214 5215 5219 5218
f 5215 5216 5220 5219
f 5216 5213 5217 5220
f 5221 5214 5213
f 5222 5217 5218
f 5221 5215 5214
f 5222 5218 5219
f 5221 5216 5215
f 5222 5219 5220
f 5221 5213 5216
f 5222 5220 5217
f 5223 5226 5225 5224
f 5227 5228 5229 5230
f 5223 5224 5228 5227
f 5226 5230 5229 5225
f 5223 5227 5230 5226
f 5224 5225 5229 5228
f 5231 5234 5233 5232
f 5235 5236 5237 5238
f 5231 5232 5236 5235
f 5234 5238 5237 5233
f 5231 5235 5238 5234
f 5232 5233 5237 5236
f 5239 5240 5244 5243
f 5240 5241 5245 5244
f 5241 5242 5246 5245
f 5242 5239 5243 5246
f 5247 5240 5239
f 5248 5243 5244
f 5247 5241 5240
f 5248 5244 5245
f 5247 5242 5241
f 5248 5245 5246
f 5247 5239 5242
f 5248 5246 5243
f 5249 5252 5251 5250
f 5253 5254 5255 5256
f 5249 5250 5254 5253
f 5252 5256 5255 5251
f 5249 5253 5256 5252
f 5250 5251 5255 5254
f 5257 5260 5259 5258
f 5261 5262 5263 5264
f 5257 5258 5262 5261
f 5260 5264 5263 5259
f 5257 5261 5264 5260
f 5258 5259 5263 5262
f 5265 5266 5270 5269
f 5266 5267 5271 5270
f 5267 5268 5272 5271
f 5268 5265 5269 5272
f 5273 5266 5265
f 5274 5269 5270
f 5273 5267 5266
f 5274 5270 5271
f 5273 5268 5267
f 5274 5271 5272
f 5273 5265 5268
f 5274 5272 5269
f 5275 5278 5277 5276
f 5279 5280 5281 5282
f 5275 5276 5280 5279
f 5278 5282 5281 5277
f 5275 5279 5282 5278
f 5276 5277 5281 5280
f 5283 5286 5285 5284
f 5287 5288 5289 5290
f 5283 5284 5288 5287
f 5286 5290 5289 5285
f 5283 5287 5290 5286
f 5284 5285 5289 5288
f 5291 5292 5296 5295
f 5292 5293 5297 5296
f 5293 5294 5298 5297
f 5294 5291 5295 5298
f 5299 5292 5291
f 5300 5295 5296
f 5299 5293 5292
f 5300 5296 5297
f 5299 5294 5293
f 5300 5297 5298
f 5299 5291 5294
f 5300 5298 5295
f 5301 5304 5303 5302
f 5305 5306 5307 5308
f 5301 5302 5306 5305
f 5304 5308 5307 5303
f 5301 5305 5308 5304
f 5302 5303 5307 5306
f 5309 5312 5311 5310
f 5313 5314 5315 5316
f 5309 5310 5314 5313
f 5312 5316 5315 5311
f 5309 5313 5316 5312
f 5310 5311 5315 5314
f 5317 5318 5322 5321
f 5318 5319 5323 5322
f 5319 5320 5324 5323
f 5320 5317 5321 5324
f 5325 5318 5317
f 5326 5321 5322
f 5325 5319 5318
f 5326 5322 5323
f 5325 5320 5319
f 5326 5323 5324
f 5325 5317 5320
f 5326 5324 5321
f 5327 5330 5329 5328
f 5331 5332 5333 5334
f 5327 5328 5332 5331
f 5330 5334 5333 5329
f 5327 5331 5334 5330
f 5328 5329 5333 5332
f 5335 5338 5337 5336
f 5339 5340 5341 5342
f 5335 5336 5340 5339
f 5338 5342 5341 5337
f 5335 5339 5342 5338
f 5336 5337 5341 5340
f 5343 5344 5348 5347
f 5344 5345 5349 5348
f 5345 5346 5350 5349
f 5346 5343 5347 5350
f 5351 5344 5343
f 5352 5347 5348
f 5351 5345 5344
f 5352 5348 5349
f 5351 5346 5345
f 5352 5349 5350
f 5351 5343 5346
f 5352 5350 5347
f 5353 5356 5355 5354
f 5357 5358 5359 5360
f 5353 5354 5358 5357
f 5356 5360 5359 5355
f 5353 5357 5360 5356
f 5354 5355 5359 5358
f 5361 5364 5363 5362
f 5365 5366 5367 5368
f 5361 5362 5366 5365
f 5364 5368 5367 5363
f 5361 5365 5368 5364
f 5362 5363 5367 5366

o MODULE_A_CARCASA
usemtl plastic_white
v -50.0000 -35.0000 0.0000
v 50.0000 -35.0000 0.0000
v 50.0000 35.0000 0.0000
v -50.0000 35.0000 0.0000
v -50.0000 -35.0000 4.0000
v 50.0000 -35.0000 4.0000
v 50.0000 35.0000 4.0000
v -50.0000 35.0000 4.0000
v -50.0000 -35.0000 0.0000
v -46.0000 -35.0000 0.0000
v -46.0000 35.0000 0.0000
v -50.0000 35.0000 0.0000
v -50.0000 -35.0000 45.0000
v -46.0000 -35.0000 45.0000
v -46.0000 35.0000 45.0000
v -50.0000 35.0000 45.0000
v 46.0000 -35.0000 0.0000
v 50.0000 -35.0000 0.0000
v 50.0000 35.0000 0.0000
v 46.0000 35.0000 0.0000
v 46.0000 -35.0000 45.0000
v 50.0000 -35.0000 45.0000
v 50.0000 35.0000 45.0000
v 46.0000 35.0000 45.0000
f 5369 5372 5371 5370
f 5373 5374 5375 5376
f 5369 5370 5374 5373
f 5372 5376 5375 5371
f 5369 5373 5376 5372
f 5370 5371 5375 5374
f 5377 5380 5379 5378
f 5381 5382 5383 5384
f 5377 5378 5382 5381
f 5380 5384 5383 5379
f 5377 5381 5384 5380
f 5378 5379 5383 5382
f 5385 5388 5387 5386
f 5389 5390 5391 5392
f 5385 5386 5390 5389
f 5388 5392 5391 5387
f 5385 5389 5392 5388
f 5386 5387 5391 5390

o MODULE_B_CARCASA
usemtl plastic_white
v -50.0000 -35.0000 -35.0000
v 50.0000 -35.0000 -35.0000
v 50.0000 35.0000 -35.0000
v -50.0000 35.0000 -35.0000
v -50.0000 -35.0000 -31.0000
v 50.0000 -35.0000 -31.0000
v 50.0000 35.0000 -31.0000
v -50.0000 35.0000 -31.0000
v -50.0000 -35.0000 -4.0000
v 50.0000 -35.0000 -4.0000
v 50.0000 35.0000 -4.0000
v -50.0000 35.0000 -4.0000
v -50.0000 -35.0000 0.0000
v 50.0000 -35.0000 0.0000
v 50.0000 35.0000 0.0000
v -50.0000 35.0000 0.0000
v -50.0000 -35.0000 -35.0000
v -46.0000 -35.0000 -35.0000
v -46.0000 35.0000 -35.0000
v -50.0000 35.0000 -35.0000
v -50.0000 -35.0000 0.0000
v -46.0000 -35.0000 0.0000
v -46.0000 35.0000 0.0000
v -50.0000 35.0000 0.0000
v 46.0000 -35.0000 -35.0000
v 50.0000 -35.0000 -35.0000
v 50.0000 35.0000 -35.0000
v 46.0000 35.0000 -35.0000
v 46.0000 -35.0000 0.0000
v 50.0000 -35.0000 0.0000
v 50.0000 35.0000 0.0000
v 46.0000 35.0000 0.0000
f 5393 5396 5395 5394
f 5397 5398 5399 5400
f 5393 5394 5398 5397
f 5396 5400 5399 5395
f 5393 5397 5400 5396
f 5394 5395 5399 5398
f 5401 5404 5403 5402
f 5405 5406 5407 5408
f 5401 5402 5406 5405
f 5404 5408 5407 5403
f 5401 5405 5408 5404
f 5402 5403 5407 5406
f 5409 5412 5411 5410
f 5413 5414 5415 5416
f 5409 5410 5414 5413
f 5412 5416 5415 5411
f 5409 5413 5416 5412
f 5410 5411 5415 5414
f 5417 5420 5419 5418
f 5421 5422 5423 5424
f 5417 5418 5422 5421
f 5420 5424 5423 5419
f 5417 5421 5424 5420
f 5418 5419 5423 5422

o MODULE_C_CARCASA
usemtl plastic_white
v -50.0000 -35.0000 -90.0000
v 50.0000 -35.0000 -90.0000
v 50.0000 35.0000 -90.0000
v -50.0000 35.0000 -90.0000
v -50.0000 -35.0000 -86.0000
v 50.0000 -35.0000 -86.0000
v 50.0000 35.0000 -86.0000
v -50.0000 35.0000 -86.0000
v -50.0000 -35.0000 -39.0000
v 50.0000 -35.0000 -39.0000
v 50.0000 35.0000 -39.0000
v -50.0000 35.0000 -39.0000
v -50.0000 -35.0000 -35.0000
v 50.0000 -35.0000 -35.0000
v 50.0000 35.0000 -35.0000
v -50.0000 35.0000 -35.0000
v -50.0000 -35.0000 -90.0000
v -46.0000 -35.0000 -90.0000
v -46.0000 35.0000 -90.0000
v -50.0000 35.0000 -90.0000
v -50.0000 -35.0000 -35.0000
v -46.0000 -35.0000 -35.0000
v -46.0000 35.0000 -35.0000
v -50.0000 35.0000 -35.0000
v 46.0000 -35.0000 -90.0000
v 50.0000 -35.0000 -90.0000
v 50.0000 35.0000 -90.0000
v 46.0000 35.0000 -90.0000
v 46.0000 -35.0000 -35.0000
v 50.0000 -35.0000 -35.0000
v 50.0000 35.0000 -35.0000
v 46.0000 35.0000 -35.0000
f 5425 5428 5427 5426
f 5429 5430 5431 5432
f 5425 5426 5430 5429
f 5428 5432 5431 5427
f 5425 5429 5432 5428
f 5426 5427 5431 5430
f 5433 5436 5435 5434
f 5437 5438 5439 5440
f 5433 5434 5438 5437
f 5436 5440 5439 5435
f 5433 5437 5440 5436
f 5434 5435 5439 5438
f 5441 5444 5443 5442
f 5445 5446 5447 5448
f 5441 5442 5446 5445
f 5444 5448 5447 5443
f 5441 5445 5448 5444
f 5442 5443 5447 5446
f 5449 5452 5451 5450
f 5453 5454 5455 5456
f 5449 5450 5454 5453
f 5452 5456 5455 5451
f 5449 5453 5456 5452
f 5450 5451 5455 5454

o MODULE_C_MOTOR_A
usemtl metal_dark
v -40.0000 -25.0000 -86.0000
v -6.0000 -25.0000 -86.0000
v -6.0000 9.0000 -86.0000
v -40.0000 9.0000 -86.0000
v -40.0000 -25.0000 -54.0000
v -6.0000 -25.0000 -54.0000
v -6.0000 9.0000 -54.0000
v -40.0000 9.0000 -54.0000
f 5457 5460 5459 5458
f 5461 5462 5463 5464
f 5457 5458 5462 5461
f 5460 5464 5463 5459
f 5457 5461 5464 5460
f 5458 5459 5463 5462

o MODULE_C_EJE_MOTOR_A
usemtl metal_steel
v -19.0000 9.0000 -70.0000
v -20.5060 9.0000 -73.1273
v -23.8901 9.0000 -73.8997
v -26.6039 9.0000 -71.7355
v -26.6039 9.0000 -68.2645
v -23.8901 9.0000 -66.1003
v -20.5060 9.0000 -66.8727
v -19.0000 95.0000 -70.0000
v -20.5060 95.0000 -73.1273
v -23.8901 95.0000 -73.8997
v -26.6039 95.0000 -71.7355
v -26.6039 95.0000 -68.2645
v -23.8901 95.0000 -66.1003
v -20.5060 95.0000 -66.8727
v -23.0000 9.0000 -70.0000
v -23.0000 95.0000 -70.0000
f 5465 5466 5473 5472
f 5466 5467 5474 5473
f 5467 5468 5475 5474
f 5468 5469 5476 5475
f 5469 5470 5477 5476
f 5470 5471 5478 5477
f 5471 5465 5472 5478
f 5479 5466 5465
f 5480 5472 5473
f 5479 5467 5466
f 5480 5473 5474
f 5479 5468 5467
f 5480 5474 5475
f 5479 5469 5468
f 5480 5475 5476
f 5479 5470 5469
f 5480 5476 5477
f 5479 5471 5470
f 5480 5477 5478
f 5479 5465 5471
f 5480 5478 5472

o MODULE_C_MOTOR_B
usemtl metal_dark
v 6.0000 -9.0000 -86.0000
v 40.0000 -9.0000 -86.0000
v 40.0000 25.0000 -86.0000
v 6.0000 25.0000 -86.0000
v 6.0000 -9.0000 -54.0000
v 40.0000 -9.0000 -54.0000
v 40.0000 25.0000 -54.0000
v 6.0000 25.0000 -54.0000
f 5481 5484 5483 5482
f 5485 5486 5487 5488
f 5481 5482 5486 5485
f 5484 5488 5487 5483
f 5481 5485 5488 5484
f 5482 5483 5487 5486

o MODULE_C_EJE_MOTOR_B
usemtl metal_steel
v 27.0000 -95.0000 -70.0000
v 25.4940 -95.0000 -73.1273
v 22.1099 -95.0000 -73.8997
v 19.3961 -95.0000 -71.7355
v 19.3961 -95.0000 -68.2645
v 22.1099 -95.0000 -66.1003
v 25.4940 -95.0000 -66.8727
v 27.0000 -9.0000 -70.0000
v 25.4940 -9.0000 -73.1273
v 22.1099 -9.0000 -73.8997
v 19.3961 -9.0000 -71.7355
v 19.3961 -9.0000 -68.2645
v 22.1099 -9.0000 -66.1003
v 25.4940 -9.0000 -66.8727
v 23.0000 -95.0000 -70.0000
v 23.0000 -9.0000 -70.0000
f 5489 5490 5497 5496
f 5490 5491 5498 5497
f 5491 5492 5499 5498
f 5492 5493 5500 5499
f 5493 5494 5501 5500
f 5494 5495 5502 5501
f 5495 5489 5496 5502
f 5503 5490 5489
f 5504 5496 5497
f 5503 5491 5490
f 5504 5497 5498
f 5503 5492 5491
f 5504 5498 5499
f 5503 5493 5492
f 5504 5499 5500
f 5503 5494 5493
f 5504 5500 5501
f 5503 5495 5494
f 5504 5501 5502
f 5503 5489 5495
f 5504 5502 5496

o PINES_UNION_MODULOS_Z+0
usemtl metal_steel
v -42.5000 -36.0000 -8.0000
v -44.2500 -32.9689 -8.0000
v -47.7500 -32.9689 -8.0000
v -49.5000 -36.0000 -8.0000
v -47.7500 -39.0311 -8.0000
v -44.2500 -39.0311 -8.0000
v -42.5000 -36.0000 8.0000
v -44.2500 -32.9689 8.0000
v -47.7500 -32.9689 8.0000
v -49.5000 -36.0000 8.0000
v -47.7500 -39.0311 8.0000
v -44.2500 -39.0311 8.0000
v -46.0000 -36.0000 -8.0000
v -46.0000 -36.0000 8.0000
v -42.5000 36.0000 -8.0000
v -44.2500 39.0311 -8.0000
v -47.7500 39.0311 -8.0000
v -49.5000 36.0000 -8.0000
v -47.7500 32.9689 -8.0000
v -44.2500 32.9689 -8.0000
v -42.5000 36.0000 8.0000
v -44.2500 39.0311 8.0000
v -47.7500 39.0311 8.0000
v -49.5000 36.0000 8.0000
v -47.7500 32.9689 8.0000
v -44.2500 32.9689 8.0000
v -46.0000 36.0000 -8.0000
v -46.0000 36.0000 8.0000
v 49.5000 -36.0000 -8.0000
v 47.7500 -32.9689 -8.0000
v 44.2500 -32.9689 -8.0000
v 42.5000 -36.0000 -8.0000
v 44.2500 -39.0311 -8.0000
v 47.7500 -39.0311 -8.0000
v 49.5000 -36.0000 8.0000
v 47.7500 -32.9689 8.0000
v 44.2500 -32.9689 8.0000
v 42.5000 -36.0000 8.0000
v 44.2500 -39.0311 8.0000
v 47.7500 -39.0311 8.0000
v 46.0000 -36.0000 -8.0000
v 46.0000 -36.0000 8.0000
v 49.5000 36.0000 -8.0000
v 47.7500 39.0311 -8.0000
v 44.2500 39.0311 -8.0000
v 42.5000 36.0000 -8.0000
v 44.2500 32.9689 -8.0000
v 47.7500 32.9689 -8.0000
v 49.5000 36.0000 8.0000
v 47.7500 39.0311 8.0000
v 44.2500 39.0311 8.0000
v 42.5000 36.0000 8.0000
v 44.2500 32.9689 8.0000
v 47.7500 32.9689 8.0000
v 46.0000 36.0000 -8.0000
v 46.0000 36.0000 8.0000
f 5505 5506 5512 5511
f 5506 5507 5513 5512
f 5507 5508 5514 5513
f 5508 5509 5515 5514
f 5509 5510 5516 5515
f 5510 5505 5511 5516
f 5517 5506 5505
f 5518 5511 5512
f 5517 5507 5506
f 5518 5512 5513
f 5517 5508 5507
f 5518 5513 5514
f 5517 5509 5508
f 5518 5514 5515
f 5517 5510 5509
f 5518 5515 5516
f 5517 5505 5510
f 5518 5516 5511
f 5519 5520 5526 5525
f 5520 5521 5527 5526
f 5521 5522 5528 5527
f 5522 5523 5529 5528
f 5523 5524 5530 5529
f 5524 5519 5525 5530
f 5531 5520 5519
f 5532 5525 5526
f 5531 5521 5520
f 5532 5526 5527
f 5531 5522 5521
f 5532 5527 5528
f 5531 5523 5522
f 5532 5528 5529
f 5531 5524 5523
f 5532 5529 5530
f 5531 5519 5524
f 5532 5530 5525
f 5533 5534 5540 5539
f 5534 5535 5541 5540
f 5535 5536 5542 5541
f 5536 5537 5543 5542
f 5537 5538 5544 5543
f 5538 5533 5539 5544
f 5545 5534 5533
f 5546 5539 5540
f 5545 5535 5534
f 5546 5540 5541
f 5545 5536 5535
f 5546 5541 5542
f 5545 5537 5536
f 5546 5542 5543
f 5545 5538 5537
f 5546 5543 5544
f 5545 5533 5538
f 5546 5544 5539
f 5547 5548 5554 5553
f 5548 5549 5555 5554
f 5549 5550 5556 5555
f 5550 5551 5557 5556
f 5551 5552 5558 5557
f 5552 5547 5553 5558
f 5559 5548 5547
f 5560 5553 5554
f 5559 5549 5548
f 5560 5554 5555
f 5559 5550 5549
f 5560 5555 5556
f 5559 5551 5550
f 5560 5556 5557
f 5559 5552 5551
f 5560 5557 5558
f 5559 5547 5552
f 5560 5558 5553

o PINES_UNION_MODULOS_Z-35
usemtl metal_steel
v -42.5000 -36.0000 -43.0000
v -44.2500 -32.9689 -43.0000
v -47.7500 -32.9689 -43.0000
v -49.5000 -36.0000 -43.0000
v -47.7500 -39.0311 -43.0000
v -44.2500 -39.0311 -43.0000
v -42.5000 -36.0000 -27.0000
v -44.2500 -32.9689 -27.0000
v -47.7500 -32.9689 -27.0000
v -49.5000 -36.0000 -27.0000
v -47.7500 -39.0311 -27.0000
v -44.2500 -39.0311 -27.0000
v -46.0000 -36.0000 -43.0000
v -46.0000 -36.0000 -27.0000
v -42.5000 36.0000 -43.0000
v -44.2500 39.0311 -43.0000
v -47.7500 39.0311 -43.0000
v -49.5000 36.0000 -43.0000
v -47.7500 32.9689 -43.0000
v -44.2500 32.9689 -43.0000
v -42.5000 36.0000 -27.0000
v -44.2500 39.0311 -27.0000
v -47.7500 39.0311 -27.0000
v -49.5000 36.0000 -27.0000
v -47.7500 32.9689 -27.0000
v -44.2500 32.9689 -27.0000
v -46.0000 36.0000 -43.0000
v -46.0000 36.0000 -27.0000
v 49.5000 -36.0000 -43.0000
v 47.7500 -32.9689 -43.0000
v 44.2500 -32.9689 -43.0000
v 42.5000 -36.0000 -43.0000
v 44.2500 -39.0311 -43.0000
v 47.7500 -39.0311 -43.0000
v 49.5000 -36.0000 -27.0000
v 47.7500 -32.9689 -27.0000
v 44.2500 -32.9689 -27.0000
v 42.5000 -36.0000 -27.0000
v 44.2500 -39.0311 -27.0000
v 47.7500 -39.0311 -27.0000
v 46.0000 -36.0000 -43.0000
v 46.0000 -36.0000 -27.0000
v 49.5000 36.0000 -43.0000
v 47.7500 39.0311 -43.0000
v 44.2500 39.0311 -43.0000
v 42.5000 36.0000 -43.0000
v 44.2500 32.9689 -43.0000
v 47.7500 32.9689 -43.0000
v 49.5000 36.0000 -27.0000
v 47.7500 39.0311 -27.0000
v 44.2500 39.0311 -27.0000
v 42.5000 36.0000 -27.0000
v 44.2500 32.9689 -27.0000
v 47.7500 32.9689 -27.0000
v 46.0000 36.0000 -43.0000
v 46.0000 36.0000 -27.0000
f 5561 5562 5568 5567
f 5562 5563 5569 5568
f 5563 5564 5570 5569
f 5564 5565 5571 5570
f 5565 5566 5572 5571
f 5566 5561 5567 5572
f 5573 5562 5561
f 5574 5567 5568
f 5573 5563 5562
f 5574 5568 5569
f 5573 5564 5563
f 5574 5569 5570
f 5573 5565 5564
f 5574 5570 5571
f 5573 5566 5565
f 5574 5571 5572
f 5573 5561 5566
f 5574 5572 5567
f 5575 5576 5582 5581
f 5576 5577 5583 5582
f 5577 5578 5584 5583
f 5578 5579 5585 5584
f 5579 5580 5586 5585
f 5580 5575 5581 5586
f 5587 5576 5575
f 5588 5581 5582
f 5587 5577 5576
f 5588 5582 5583
f 5587 5578 5577
f 5588 5583 5584
f 5587 5579 5578
f 5588 5584 5585
f 5587 5580 5579
f 5588 5585 5586
f 5587 5575 5580
f 5588 5586 5581
f 5589 5590 5596 5595
f 5590 5591 5597 5596
f 5591 5592 5598 5597
f 5592 5593 5599 5598
f 5593 5594 5600 5599
f 5594 5589 5595 5600
f 5601 5590 5589
f 5602 5595 5596
f 5601 5591 5590
f 5602 5596 5597
f 5601 5592 5591
f 5602 5597 5598
f 5601 5593 5592
f 5602 5598 5599
f 5601 5594 5593
f 5602 5599 5600
f 5601 5589 5594
f 5602 5600 5595
f 5603 5604 5610 5609
f 5604 5605 5611 5610
f 5605 5606 5612 5611
f 5606 5607 5613 5612
f 5607 5608 5614 5613
f 5608 5603 5609 5614
f 5615 5604 5603
f 5616 5609 5610
f 5615 5605 5604
f 5616 5610 5611
f 5615 5606 5605
f 5616 5611 5612
f 5615 5607 5606
f 5616 5612 5613
f 5615 5608 5607
f 5616 5613 5614
f 5615 5603 5608
f 5616 5614 5609
